2017,11,1,2122792308,1755604178,false,0UTIXoWnKqtQe8y+BSHNmdEXmWfQalRQH60pobsgwws=
2017,11,1,2030248245,747575690,false,i9AoMmLI6JidPjw/SFXduBB6HUmE8aXQLMhekhIfE1U=
2017,11,1,23301515,1720603622,false,HWsLCXAnGFXnnjD8Nc1RbO0+5JzrhnCB/feJ/EzSxto=
2017,11,1,1342018392,1167647466,false,lqL0mxeOeEesRY7EU95Fi6QEW92nj2mh8xyex69j+8A=
2017,11,1,945994127,1854103174,true,C57VAyZ6Y0C+xKA2Lv6fOcIP0x6Px8BlEVBGSc74C4I=
2017,11,1,1102797454,2117019257,true,oO0S69X+N2RSyEhlzHguZSLugO8F2cDVDpcAslg0hhQ=
2017,11,1,862601609,392155621,true,L/Wpz4gHiRR7Sab1RCBrp4i1k+0IjUuJAV/Yn/7kZnc=
2017,11,1,1858905353,1131234096,false,w4R3N+vN/EcwrWP7q/h2DwyhyraM1AwLbCbe26a+mQ0=
2017,11,1,1300070253,247762646,false,cjbs6isGO0K7ib1D65VbN4lZEwQv2Y6Q/PoFZhyyacA=
2017,11,1,843851309,1886346292,true,sb/xc+uoe/ZXRXTYIv9OTY33Rj+zSS96Mj/3LVPXvRM=
2017,11,1,2013370128,1783091056,false,9MW9X3OUr40r4B/qeLz55yJIrvw7Gdk8RWUulNadIyw=
2017,11,1,308019653,812224347,true,Oj0GZexMp5RIRTWZ5tkS7WFpF+hnjUtvoZB4Y/TzWsw=
2017,11,1,156780163,777371617,true,jQZ/ZpHRWqkhWkseBoU2vRgNCXJJFLM9gMKxiz68qS4=
2017,11,1,1918279758,1625804517,true,N0jWIk/ySEoX3JOOzBRIhqSitvl4iis6lJXNasvO+Wo=
2017,11,1,476396173,1949794592,false,85IXmRzodbZup7ThEbUbOyFsGjhntIqUPPJsikij+Ek=
2017,11,1,343608306,1095448502,false,Lyji6H6Tm8k9N3/G8CRE96AAbve5Sa0f0AsqtXThayk=
2017,11,1,1589645091,1210020792,true,5C8YF8uIDJdSQiEqnjZh53/Gxmg3jvVOFAClco3R3+s=
2017,11,1,2064283709,1530056961,true,dNs6UxuPqT4huayCs+G2pBievLhAaQQxlbjtajsD/Y8=
2017,11,1,312776020,1965066663,true,b4cOzM27GNO5EtY1GGQKVv24H/ZdKmZGDhM8jJ1vnOA=
2017,11,1,1630070952,429417169,false,ejGNcAahGEQ3d6LG4+EFZ9hkPXom6sEFfZbg/xRoohw=
2017,11,1,1413901178,1015988811,false,GjxJ0WwE3eFAWHtP/mSOuFAUh8MUi0VYufEx7lEhg+E=
2017,11,1,1838223622,248138219,false,GdqKOV38acnMKqITWzwohNA0rFAMx+xmQBNcHcKnBho=
2017,11,1,1608041181,802893130,true,ojzBQuNgIsLDwqTPMjjrUUbKaTOX4f8igNBR/5GJfGU=
2017,11,1,1997676740,287489817,true,0Rc15KPGadQFhQdy60y3cDvW0tR1zawdxA1QiXySS34=
2017,11,1,196059160,26095006,false,sj6+CPWMAKLm/kWLI3H4lfqu3itDClXUrtTS4GiWHvs=
2017,11,1,529811854,25109356,true,wE2ikA7yyUQn3tb7lqQVWD1F+y3yIKZTsk1c+OkFDyg=
2017,11,1,1703539372,1475016079,true,BgLDT+H1KYoqk44dXQH9/JS3VtVPURQQL2hxCMw0aNA=
2017,11,1,129409388,711942049,true,E5L/K5yW98Ytk6GOXM5WqK0ZXF86fYTbpliT4r+sCEM=
2017,11,1,1008923425,2020736540,false,mv6pNVm1uYt3onUG1oRJ2BCa8WAfDGPsH4irM9DbDs4=
2017,11,1,787406551,726024337,true,fG9NiEummoqCpkdOrt8O1js1+RRfjw3SdKaGpEUHlws=
2017,11,1,1777331661,1209909146,false,vHNqXxCob8vrp2KcF8wFI9FE6FTQ1/n66/JDO+mN4JI=
2017,11,1,566594986,862381691,true,X7LkrDx4PaoZH3dKa/4dGt8/g34vZtXh3iKu13wcaXE=
2017,11,1,1396182437,904972587,false,7sMEa8aPzQf1YpiE+lW+FsCWgfMD4Kqcm41pFrPcHFs=
2017,11,1,2129730867,755041231,false,TqCYr8dV085TRrdJN3WR6EhCL/JI+g9OFmVfKFwRZ3s=
2017,11,1,739403159,76347716,true,byI/35wxzmRo09oAKeu8yC9cIq5K3vsQcgCjiDIJmMQ=
2017,11,1,728651321,697094779,true,o/qBolB6AUF3IvHJ2OJEQZI65DYwotgkLJuvGDBCwz8=
2017,11,1,1779886297,2028560491,false,iNKHJzY4NoYQZ7KHbYiohSdNdQKCvG2iH09DInvkZgg=
2017,11,1,1240627430,138758556,true,1I5SuxMgjXsvFDvHbZbQ6oypF/5XCogwh1QLwRZ+1K4=
2017,11,1,1089668405,69436564,true,rTqFt+v5gDw6km1PJ6pMkvSf2NLi/PosTh4KZGAMtTA=
2017,11,1,1476882765,1446382423,true,S7Fr9bpfX/rfNKf96aswm8qb6wIkPeEX0fMxoPobk4s=
2017,11,1,1505632865,738472113,true,0oXc28QllPd127WP49mRPtpmFxezZN797UJrsP7jh80=
2017,11,1,1653589846,1548766419,true,RsJ9WVz0lQCYXdj3FAa+Zkaiv/9uCxXSyeGPdaNjo40=
2017,11,1,1036180510,556223282,true,NK5rUt+b8s7KhsEdYw7zYQtkQBeOTxw4dlJfOFNHz6U=
2017,11,1,99914637,916375595,true,FkipqJZGCAsgypasqTE3W5prE9Dqf6PQPr+HnWzNWv4=
2017,11,1,726028234,1510770051,false,RatXOqy1EV1B4xddKCoeixoY7fdeGtq10Uwfw5O8ac4=
2017,11,1,721315483,629129486,false,Dwu9wlddUFoq+lhzp0f4zHVzKrAUppLhE2KjhBNcd0w=
2017,11,1,1136116213,1892385344,false,L/GhR63LT3gGOS73n7KSpMD2mAcb1jBWyFrlYWV/YHM=
2017,11,1,611816823,4648641,true,0BwvGqcolGoCZTbfkVwTNWbmNUt6Eki04iRCqn88wSY=
2017,11,1,85863085,1914647727,false,yy0XU3A0Srh8y86UMHhjdCpHMOqE/ncz4JqfGIwaw9s=
2017,11,1,1370877606,281021419,true,bAWcbwAp7uz/UeQJPZuXO15HAe+bpUMYgZ/nYd1su9k=
2017,11,1,1867329797,1537884489,false,5lltTiYr+Zx1UyZ1Mh5CNy95LQvOjjeIhjVRLxhBe70=
2017,11,1,523897644,1159229555,true,iJdB/IwB7aaSkmhyA9V//vDYCDYvmchqfBQ0qlozjeM=
2017,11,1,931631999,594448268,true,nIz9UfxUzOG5VecUoOKBV78RphIgq9oMl6qVSpSf23k=
2017,11,1,162906703,1493988897,false,GPdsuETGyKHgG84EJY5Oe6RSP+tkxh+VsB3VZLJNuRo=
2017,11,1,1045073009,560208085,true,ntYwAthPAvuPVMDAlydUKe4mGmM1+Ri3r2csFN5VIKw=
2017,11,1,1027744429,1374494086,true,M+z7xJQeRAUbqqrxmBv/2Ou1h1Dz9aivKOS/lg3XWOc=
2017,11,1,946345034,171902340,false,Q77bNeHcxGHEYZox6BhpZOMR3Unk/YmQLiJ+GgxcA+0=
2017,11,1,1778694676,145868331,true,s+QTyPCG80cglhtH0sJgdteAOdefBBDXQ351AZSwLig=
2017,11,1,1118762333,421057774,false,t1APaCa6Y3YEUeKkUHJGWY5ndCfg+336BCKMWxMP+7c=
2017,11,1,388248018,2062358426,true,VPK3jmNkDDw8y7zdrkT06gH3qJyVfQVJ0KUnT4Z31kM=
2017,11,1,1835550665,1629972057,false,wBOgaiHhbwP4L5NLpQD96hJ6hCF/T9hPubT9nIMnGOc=
2017,11,1,2046468648,1561967994,true,1N9rGHECBMs6aCDiRukmsHO+MLcCpLS8qUkmNYCg8U0=
2017,11,1,1181600532,184857372,false,hGsXMU+JSM5geG9u+febE9+ELlUI0j/DnMIzl+aEx98=
2017,11,1,981781909,1151440237,false,BgPaSvetgiSFAf9En1VQ2fYch0vPVZvshSiVKdKzePA=
2017,11,1,811346095,1340196982,true,Rq2HO1A7Df1sLTgOVciuQdNpGkzV4UPu3TPoXKz9W5k=
2017,11,1,412136299,1405428508,false,ElojeuDQ04yoOGPTWJ65PxrVKdDv+8ZKqxCCZdwP6R4=
2017,11,1,403995378,69365941,true,1mLVxyd4L4roFXwFHXp5yxpjv+v6T1tAFys/ECk+RzI=
2017,11,1,1438084678,341845992,true,lqxBTrtOOOr7Hn2Ub2A/IfgIN8Stfx07G+oY+tpLP4M=
2017,11,1,1467853962,699718610,false,2H+U3cS/pJVtqctxPOXbH0sjxmFz6Mj2v3QBtUAei2c=
2017,11,1,1361998066,1117367101,true,TjAtNw0nC3m7qK+XfDgXobvrJ/4fzd0o1CXhgVtFKH4=
2017,11,1,1957414093,1215770753,false,SJjHSg/I+w/DYIF+PQ9tDabbC0cPCkWbCIE0TF0D0zc=
2017,11,1,1602396963,1371402189,false,HKMJAvq3oUYARSppI0Y/56oAUngy+BW2JgS8Qmvu43k=
2017,11,1,723381097,1933424616,true,1mD3tZUPLqO8xwDR8KSfplXzgOhHbhjilm1GbIYYvBY=
2017,11,1,271874914,1646231400,false,j+Jb0mCNtLVgEHfWtyH6nfuKwcbeSgUH5sE0kQxHh04=
2017,11,1,209725504,776456540,false,PsHRbVQGRkV97wcFN4/B05u2sqKP/dgG8gVV+CqSAGY=
2017,11,1,1117444372,556961073,true,MdATbpBNZjhIgiR8VS0wP0sfVBjBtUtLfQZ2fsIOk9c=
2017,11,1,1137559330,1939676987,true,OL56+vqd5a5Y1tW2ohiit10KGxLmmo8b3KzYwgnGmQM=
2017,11,1,704987701,397989893,false,n2vShMXRSvCva7cNZNXspWtBWiU0hd4bgahv/oaoWJc=
2017,11,1,1261917585,1835220634,false,UApWj1maiQEplqjHJm4KF+mM3mivoBk9FlAKwNwLriY=
2017,11,1,1725927109,1093475952,false,6eD8bCFQlj5iFgX72cG+n8qCDvPtiWRRJ7OXaqDI2G0=
2017,11,1,1388218434,804137792,true,tk9azcdKeGJ7XD8b3xqKkwiKHgYvQOm6ZMMjS/RSn+M=
2017,11,1,800793971,787988500,true,y57Y3dHndrizwjnXxnuVCtkO+KLvYu8BDlluH2v10/Q=
2017,11,1,593307165,1958391918,false,kAc3I4AGIKpIuz5wJ1nNa8cA/f54FHvIRjYsj9HDPiw=
2017,11,1,1123728408,1358314036,false,Trealu86DQqzDYZxiZziIK/9Q8oYTdlldZT2Tl3eeYs=
2017,11,1,574868043,2074466214,true,sygSTlD26kVI1m5CkiKzjRoDZE15J0+ukiSkeic9hyE=
2017,11,1,1859606092,1820709509,true,L50jb6omMMyR6kvXDwffg0hNzWZSxYAVUf/lq3B/3vY=
2017,11,1,623633116,1532236875,true,EymHnmQ2WcNErM3RNdUOCIoe9TZIAGA47PXJDuVNSAw=
2017,11,1,974721104,1946453260,true,2O/vN+UTp1nhuGrMzpf+QGtJHGtDIIYRT/lSAZ0IOtg=
2017,11,1,321754649,2128141017,false,NAqZWe6t4Fw4iruiQlQoqQTAb7I2KVcX/lZXP/oDgX8=
2017,11,1,867495772,2014118906,false,os5EIa1nO4vLirTpk5Fjxfy5IyFbdBho6qE5JGovuzE=
2017,11,1,1987276491,92562672,false,2yLidG1128pOqXT1zAllMfM/ixzpPtUfYu/xNAA5eqg=
2017,11,1,1825268286,962289105,true,vOCH75SHex2GNivCUIGfyZJ2WkK5gtvgTTSn2E65Ke0=
2017,11,1,1149125407,1302608233,false,evc7hdAKaFKN0/quThNhYUvzQyTOuKJG3YXms4U771c=
2017,11,1,1475976859,1777481223,false,GNpoyxR1iWDsW/Zwdo3W3fo9ht/2thwb/zXNDouqFEI=
2017,11,1,1010221102,1363372875,true,ccYQyOJ2p2EYlEhDDvFA8YkZ2FwKLsnGOQ8DEiXeXV8=
2017,11,1,1429597093,1132937988,false,b7yiJI6nI0hi95p3ojSRSYGqf/M9N55yOGPM1XN3e5A=
2017,11,1,833965624,147742999,false,D50IakdVnpM6BE3fbRiDi50FBWEZrWPEjo8HycnisgU=
2017,11,1,1894196518,1639832157,false,X2IZM16oAT4IqlGUcur0PG2wWlX4qb4GSgr5PnLyIyg=
2017,11,1,46390665,1866575381,false,SJ8K2zkBK0HZBgbjSaBTloHN0LqNDsl/jtFuCS/IY3Y=
2017,11,1,1993265833,1848640965,false,PPEViKbp2qEaSUsSO81Zjq+ZQQi45HD/RZlMFnFRcxM=
2017,11,1,170017371,637878565,true,StpHyyVZpHYlbdpm9OES53w/kXWKEnzR2bakRInlTJ8=
2017,11,1,1148469350,1567334494,false,AgmfjfPg+qyl2LHm7Hv0g3Kf6+FL9wtnQAMk9a1mUtc=
2017,11,1,748432499,763154043,false,kqnm7wkVt6mpMzesahQDAB9VX3QlAOLOKvVl4YHhHJw=
2017,11,1,258535375,262229010,false,HwWRmYEXJfamZFlSzcL6xsIQJWSQhLGgTf+8gB9SDlI=
2017,11,1,1888848755,1342730506,true,KmKHf+dbDF+6WQPD8cpGLHi3O2R/iS3ca0fSqVTR5mc=
2017,11,1,944922207,1159078967,false,25381hLPnAeNzUzcM+3S4jar4nniADzAmW0ekoZJoFg=
2017,11,1,427816467,1185933137,false,FBEXAbCdjr5jwFqMUXNOBIKO9eDjCGkAY10l6Y9r6Co=
2017,11,1,22530176,182206017,true,i5MwD+XdA/d2lgCOGZyqVSnL6W4xe4EYI8pQ34p6cz0=
2017,11,1,1703590707,1526889885,true,v94jRqiPyCMNanu+wf4a24BQ2wlc3dZhOMgQeR3Z3/g=
2017,11,1,328894822,1836108774,false,PRPHTb6LVNyajFz5avYgT7lKTJ87eQFk4ISRx0ECQJs=
2017,11,1,90255467,1861717689,true,7nrGDv2byplG0jvBRYPdWiW1zy/Fk+lJOXEetGvTnto=
2017,11,1,864838658,1257342016,false,hI1Y47Uo+l94D28PlNWFDvY6dFO8EbptGSU2Ki2yhzY=
2017,11,1,1111083691,1215016173,false,PxWHgj1FXbyxRhnwvRk+K7UykGSshvB1bPtpqX7LrjA=
2017,11,1,251560671,688491445,false,1vbUaKFNpRCzYVoEylOxtTAiTnGsQYW5w4Rwfy2DSyw=
2017,11,1,240409720,880706079,true,NXGkGa+TLHeFRztA/OBeTTwHoNHRSYteSiDs5P3XsJo=
2017,11,1,283752340,290435852,false,O4wJBsfeLPuGai0BrGiVryH7numzBEI1KkHRhW8Rc74=
2017,11,1,175037584,1766940359,false,rH9HXvMhFJ7e9eKDWc3qNmLvtIWyPSjSV6gRUbhLHKY=
2017,11,1,1295959513,1068978168,false,vaAk8HjV96EGReXgLt2q1xE2GN3POxPim9ZJuJcQ1XQ=
2017,11,1,52401114,755684164,false,+WzXojramcNTlo+5t54mLkH8kziorTgS7pQSkob6X1o=
2017,11,1,320734246,1433896721,false,A7ILk+4rUAy1FcSJFCcipDJjBwQnCUBdbH2h8lre5hg=
2017,11,1,1232872625,1031768483,true,7+Y162XaCNrKa3fJ6615ozz7e2rjNNQYLfVmYBzazqM=
2017,11,1,612909823,1929268151,true,+T67e9to67w31QJnnunM1H3FBie5S8D3TIsXS6QlzFA=
2017,11,1,346711722,1178271298,false,yXQPw+PW+78hndhAex1ChhvZL9Uoey7YD1yqgYI6IBM=
2017,11,1,919913297,211958526,true,FMQioRt4LTXr+gxmRU8Ohw8EhYkuF5dOeuyUytv7HRE=
2017,11,1,1221703536,1337580670,false,8I9/oLFl/snSDNKkLMuTWgYf/c49YvbCeHSct0llDCo=
2017,11,1,264504567,1264210362,false,FYyv0NrW/1YpRdsW5zTnyO5M4GaAhfVQts9kYsQAU1A=
2017,11,1,1648352631,1974372004,true,iQa/c6XWSW9SpW3YmsAtr06o2O8/0canzavzyEARg18=
2017,11,1,137888222,383347026,true,gS48b4tE+ehPoM8GZrVfBgyg2CZYpGhc+lMxwu33L4Q=
2017,11,1,1646084054,897051911,false,o0sG9+oBeGwtAnTlUzTLuFWZ8uQ/nZoZbf8id4cxuf4=
2017,11,1,114772200,1100367699,true,4eS4d1Y8A+5tEGm3aeCZisAhtWoNCTv1kD7Bs7lV7tM=
2017,11,1,1944658010,1721847369,true,mulLyQzPUF0xtjVNSafzU0G5OmkduSg2Qd19KPehMYg=
2017,11,1,1303951036,1065340026,false,mjdtqiwG07s9irTOPslLzG6ZYnZq7i9qT1hGXbW61dQ=
2017,11,1,1277846525,1126567254,false,+1aIqQV2DRmeT8S/wjBLv5zLFRqOwD1YC0D+0GxpuRg=
2017,11,1,235838919,342408196,true,+eCvyLaIMp+Ps+ZLFI8cFfTfzxfMsfHY9ARtUyENx6w=
2017,11,1,507532726,1393656038,false,1gD+qFzm+qsi1p13IaP7XZ1xncExwLkb0gdZem8sXQI=
2017,11,1,1067936288,1928426737,false,J+sGB0HPvzcFpKlRqdwAYVesMxetKnER7NJXxYwH170=
2017,11,1,1132380602,1651713531,false,hUXVISLdVWqAG3lJso531t6a6vvW3oo3BzqOnb7aaDk=
2017,11,1,239807306,467956049,true,ltZ8iMawULBQZdJU60hdK+HXC/nNtfEpBOMc2yuoUpk=
2017,11,1,1090839454,1871918138,false,9wJ8lJptOehAVtRK05MgC7j7m1C4nFSOg35je8ywxQo=
2017,11,1,236531706,1847634981,true,Gf2syElVo8eUmYgZ0h9A3uWjHau+4mXEVNmNv8YG324=
2017,11,1,147408365,2108306691,true,WGcn3cg0U8J64aVXGzoUt8JbUlWT4VsrYEgySSa/RzY=
2017,11,1,484199391,735389604,true,CcoXooWI10SAmZjHmiOtIrGMUeTlBe9ebSpySBTGT4g=
2017,11,1,1178532234,446089054,true,yQ7PNGO6ra39EVIs0sRf+H+XshGXGtb3/Jw7mG3L5e8=
2017,11,1,1329551757,1146952104,true,ih/rs9n7Z8E9WYayK/1afViG0Zcsj7h6L1wUZTSDwfg=
2017,11,1,1238261584,2061880015,false,G/pXkyH8Etk77U6fFJaxi/iVrIDy+MPqvtDDg6c4Tns=
2017,11,1,1881892092,830700625,false,FlMmVsVRZOwf9n12wucmmrp40F+VP4GrJb57ESvMI5k=
2017,11,1,1146015413,545380422,true,UI2fTS5L5HhHrMiuq16sRSaB5vj3cpwz1+dyg0GN78s=
2017,11,1,433018312,322739726,true,J4dnsjpjX+u6fiqnr0GNzVizZ8AqM5lBFwKsqu4C+cA=
2017,11,1,968577271,2026314373,false,fr0hYQ+LOkNYmNOtT4c3JReXE5KF4E0e9tDagPniId0=
2017,11,1,457971744,1432354675,false,UmJlFKAGleiQ4Aa/5878bA0KT+aNMRJcgQHpOLsjLTk=
2017,11,1,1957905832,651871918,true,k29Prhba8KWq+BoYnwVOLxWODorzCb03hg1oRWWMPng=
2017,11,1,1641152409,767184552,true,gl25yIXAY5ExLKKzu1bEUOl2xWdrh+4gU3DM2eWNCbA=
2017,11,1,357049778,2003024128,true,7D19ZNj9mJ9U8aJUo4UZyN8hrBDfKxZg0fMbWwivsoQ=
2017,11,1,438168939,1997211420,false,DFr3TTZ2INIiiuFthikihJTyS25BHKC9SDJUjachMLM=
2017,11,1,518232630,2038458848,true,9ul8GGUDibVh31uNxs/Fe++ii4rYrIZKQVRbOVVbj/4=
2017,11,1,407892479,1057715433,false,0JXV9RUT8JdVOagJg65MxzoySOu9HH57jh4C3PWTnCc=
2017,11,1,2061782718,959594933,true,JzXFT4nZuOS89ibhKDjGDMEsPncCnBiv2r2/2+7VcZc=
2017,11,1,1836845322,2054150502,false,AdNOwLtCu45/jZGhj/106ro0b6nc57XfYe0T32e943Q=
2017,11,1,1358655698,2074547786,false,Ftbni4ndJYWS+ou7zuRJ65swk969+OVxXU2vO0hH8FQ=
2017,11,1,1490020759,66422797,true,lvp+Y9M/mLX55yInNgSN5fMKvB4yEZS4hHMV/pBqWsw=
2017,11,1,2069274867,873384358,true,md7N9WGiJJLTeTDSOEM/dCioLyjr/BIbxCf0K6yVDbE=
2017,11,1,1812713730,563893634,false,HRlQNV7pTyccaUP5Uk5HEoMjYhxu3fjfOA+MWKLaRGI=
2017,11,1,138480959,1666431563,false,swZOiYB5m847polD7zASn5uTNpNW/0BVehGpOrOlAqE=
2017,11,1,1895900187,2095812015,false,MJt4+qnf+3d1LZz59a/vUtlAsM19SLyry29N5dqw374=
2017,11,1,275537722,153675756,true,GRjXMyZZ0r47gRV2iN68JvESKwaokDoE2Q0d1MDs7lg=
2017,11,1,1531773024,27981414,true,8bag+5AYyj+u+pfE9SbP6dJ+4ctOmXz2iXXukrPrQWE=
2017,11,1,2097182862,183179531,true,uyCJC1oBfwjSW8VdgWFcJLlcsuRj7AA9WpAnZm1erME=
2017,11,1,512082280,2029988322,true,UIBP8dvS5T9ImR1OOWhnOa++02n/63x4wnQ/QlxENKM=
2017,11,1,733492309,1017010491,true,KbxGn6JL1DKFfCrexslo+0NH+pcweZ1jy427iP5eVwc=
2017,11,1,187941170,1479797359,true,I2dCVY+2knSieqF8ViMzLfkFfaGNOHl1104iKFJvf9I=
2017,11,1,515566539,778139602,false,ST+x6NiWyjzKFfm2VeM8ThP15gm2uyX87IbFk7pfu1Q=
2017,11,1,87597142,1122034290,false,/pU4euJddxvzO/ibHDdPC1cf9aIHYNhP7xbCeCHyb2s=
2017,11,1,416343099,1475280324,false,UnUz9Jz+VS38LU3wbW0lbSD5Qv/qH0ed2SYJBTF3g9c=
2017,11,1,1221774879,1087420623,true,MYCH9cFcxRZYErE+ZldRwlR03qnocq5YhNgxJasS6mE=
2017,11,1,1951974390,1515915656,false,lEsjrAJ1NlnpV8s0m+uikam4NdfOnw3+Td1ib9lNWAo=
2017,11,1,1674890552,1549812576,false,V7Uc7PrSBl8cAF61Epi9aYAGRC1VU/ik5Oa1fjHHJMQ=
2017,11,1,1387447577,60912414,false,h+UtjZ8GrRU9m1n4LyfgJtJ+4ctOmXz2iXXukrPrQWE=
2017,11,1,43536997,1858603194,false,52DchwfpFP+hamztM5MSlaUK6VOCAUCPhi4QPav2JBE=
2017,11,1,33850139,447418353,false,lB8aTYjMR2P6JgF6jjUmPRxGoxBjEP4Fbp+Z5zBirbs=
2017,11,1,1296594213,721314272,true,vMhPTnKOSMWWCRyINSUXt2GGVU90wff7mB5JE5sgqE8=
2017,11,1,70057619,2108241122,true,9vqbF9fkTltksasV4MZ+FvbszKOGPRYQyaRn+QagJ7w=
2017,11,1,242921658,1893941874,true,Cz6eCS4abP0z+vQF/bHBnY9HJERlIEgH5cIQwnS+nbg=
2017,11,1,562580344,2027416287,false,mST0+03gh+HFmO6QH85d8TG7OkgExLq84w1uIXLefI8=
2017,11,1,1085057228,2115653714,false,gRTI7IQxw9JKYStLDlJ4qk2j/p+ugdGljr5Yq3+h7B0=
2017,11,1,181617418,2123806490,false,sN2/GEwte60Z00PHyZpUir5STbfnwwUIGvw34h7aBR0=
2017,11,1,1298415691,1466936352,false,T/Z+cEbRL0Igrgb+0ot0Ztn4fRGknims6A1DsE+KxU8=
2017,11,1,915469390,937881695,false,gf6c1x3xLkRlukru4q2uvI3d6f/+xB0cfQhfzpmcq/o=
2017,11,1,492071163,1958690325,false,FPnOhsriNbo+x16hP1ktLJX1qQGdRiyGQWRR7eUWYUc=
2017,11,1,950756882,206924774,false,ZfVSyYxOic0rL/cEe6nsiHLZJymm7j0uTP9OxPfepQQ=
2017,11,1,1402116740,1728406316,true,RTcOeIZg1DW4W2auWjmY0XndX3Db8agKYcJOmUbNp+4=
2017,11,1,605425443,1652868290,false,UVsqCRduY3G6b0ZVF5NDMMJdQB8Y32Mm90HyBgAujR8=
2017,11,1,452779990,120446304,true,0U5CLDux25ZK0YKOafNw12wCUaeIDGSY3hqw8cR0Ejk=
2017,11,1,1307020711,302567521,true,rM+2ryrcmeTYjdJZEf7xxIRFMQ4v7BHSyJyQebu48e0=
2017,11,1,1211906692,1269514601,true,42/NlEpfdV8q4SlEZagJiBTYoUfqCEOpAkgf46b4xN4=
2017,11,1,1831984210,2075153431,true,g+55Gynt8hoWJM11A9MaGUbVrjkjx9yqA1dStr2NxXs=
2017,11,1,2138858258,1046059234,false,OERJU7hRAIhudmMveDOY5+mxEtZ4pxSSBW/SH1a/A1U=
2017,11,1,1820124601,902024005,true,EGHJXQ+2iUSh9MDvkzcEsLO+0YhqmqTzysZ9KozpYrc=
2017,11,1,119052366,893420956,true,PTvv8ADJZUbKQPVOUeHPhkpS4qUYS+HVcyClF07KH7I=
2017,11,1,115810061,1417490084,false,IqsUKC+xMyAEw3OFnosx8UAxwnSgVLAXQaysMVkqt4E=
2017,11,1,26474305,1935901092,true,tgpF+o8irvSR4nWRNEabOTSc/PTV4c2Zk25wVDAasfM=
2017,11,1,100435817,720607038,false,+MQ3Y5jwFkzWaoq7MMkrSHoHNLTBYOwO+yulp0y6mLs=
2017,11,1,792197391,1078249288,false,AlAe+ZU1f/G7pjZc04EErJyy0m4Dzgbd0IPVIjkhY9w=
2017,11,1,388377836,70373234,false,HadgKQ9N610xnfkP1PBtWCMTl/Isq27IvoOl6T3Hssk=
2017,11,1,1952219208,761535263,true,HWjIw0wBSuJnJHQF0pgDj3TOm0Sx5A3GTbQNLF+JdWw=
2017,11,1,1194767218,197217224,true,feiaaH2Jaoz6apCzy8fSmgYF5zMZjCgqIPVdh+kn0v4=
2017,11,1,2097951376,514715178,true,DOVd53ppytcWqIh4LGDp9whcSfVzjIhg8qiaQku1XCw=
2017,11,1,1129902409,1092372435,false,QHzHaSp5YAmOtCIgTkQ/Ii7++ROEDDxItxErblAnDTw=
2017,11,1,940361975,298974496,true,Fa24yw7NjHlp3feDJrrgvxtIy5hIZPg3CaWauLtO93c=
2017,11,1,510198099,1669816537,true,p2oI2wTyC1PzP1GVpheaaJs2byGAT5mTmhj20i0vFhk=
2017,11,1,1178883177,1353601138,false,6S8eje+672BjSgwZNzyoXlw1wMFV4FNy85aSlqyzvCM=
2017,11,1,507899956,988077307,false,J8gAUkIRF8yQ/5gqiy1MsZGSWSXxFlVOMBxSR+lLGyQ=
2017,11,1,2079057655,531996212,false,98v+EK41BpincCYfPL5MObcrqfQVa7DnNW95ipYToxI=
2017,11,1,618117260,1427342760,true,UylmLlMBer58IWFYrcVPe1KPL8ft6MQRcNPtRyIp/dY=
2017,11,1,196233973,1945629473,false,/QmUrg0v5HbPjeUXvR4jDK3J4EetIC+nXX3ESRDSqL4=
2017,11,1,210733456,265709876,true,Sd19YjErx9U0JnmJTFf+vz0iv/n/wZmQftvaogK9Y6c=
2017,11,1,1050994091,309421701,false,e6eX23N7DEvIr6dGGIPyN2p5+Exk74625XA10Qim5nQ=
2017,11,1,370904353,351900137,false,IOw3fVO8OIGRpC5yZg8/CRWkBP0THf7NG8AMDay87ns=
2017,11,1,348168,947846212,false,9Jt28nvfFd9q41UMNwLuE7crqfQVa7DnNW95ipYToxI=
2017,11,1,1848040469,1284075042,false,FgNWIyoI11qPWZNf909sIuM9RJnuMSEP1k5kNw1Uxkc=
2017,11,1,509355161,1753786385,false,0ldsu1D47pJNLc7Sw/biaKACDIFbP0u9USl1qgLJliA=
2017,11,1,1543548086,615361720,true,yWckssp+YM5qxok+YpfQWzhrt7+PrNp+wTzAPp5MGZA=
2017,11,1,1416346978,2128279500,true,4yLL75Zwt04M/PyHfo2ECyFt/kcKukjs6LGzW4QhHh4=
2017,11,1,1452283762,896856345,true,NgOCmI7Sqk6YW2aSN+JNVRmPfZ46Y9A7bGsPi+yqcKs=
2017,11,1,771897618,1088234480,true,oduh3kso4uFbx2Ic0W2aGJdUP6DTgoLZQrtri11+S6M=
2017,11,1,1355300658,560005685,false,voV9jeyDR0uYCEDhaOIQIP/2MNVP6TOG28NIRcbC+s8=
2017,11,1,940927775,1394963029,false,o4VwfPimCn3q3flYFkWc+s6KrGUriYnmFIqo+eE2+u0=
2017,11,1,483898832,1440272728,false,wRVJyvk6NnGOPkCwkSzN/PnviP9bBpk0ovLaoNoz+/Q=
2017,11,1,126468259,2100513511,true,3Vd5LK1vYulZD9JsEHonGadRsZEI057hHAtLtcuFCcw=
2017,11,1,786612938,459304950,false,JOTClhWWOckvHhVdRMu38iCsDQkbsXVe/9fzSf3xd78=
2017,11,1,1630065272,1717133635,false,Gbs/nOCB8ziVzx4yOUV8ItejXlinBGSeYk61HU47QHQ=
2017,11,1,1030221533,558955839,false,FM54t6e2a1jF0th5OBfKyO45yjpsdnYQquEjTVszvdQ=
2017,11,1,1215243837,1389025753,false,LhsH3cM3mMaLEXCHi8fDGlt7Od+qhz+ps0Lc8kVUeJo=
2017,11,1,1761694025,116457664,true,P3OZvrCLEiXC/V1X+PqZK59mUeg6llX+Eqldig72/w0=
2017,11,1,2119195618,2043939948,false,4qSgv51DC5XK3P5gTNl/3h75Yy4qdSHXmeOHGlkIfT0=
2017,11,1,888109703,215580910,false,tyaDZt4krQcZyMq1usAMyi+dESV6o3qDEYLORdQoUyw=
2017,11,1,988767564,918510555,false,s0oZ55D8Z95Cn53jR4PT+V0PeqTrbNDMzbA3mOJaXQ4=
2017,11,1,1972484013,1958717258,true,my+iigWQCRs06RrAl2nzxRkDkb3U5+3VCus+qy2+rKI=
2017,11,1,1899897366,216018706,true,hFBvioQstZKEUqFYVHpIhr/VrH4uU6SjkNFxWxxuM5E=
2017,11,1,1770308822,1930676756,false,hTh1z7/rg/twA1VKSm5u0EXKGJ3Fuy4ZVsF9Hsm4EvM=
2017,11,1,1911744090,1001240672,false,6FeTrddXHOVVwzPWHEx3nS9bvYckCe7BhNwpUlHDI5g=
2017,11,1,1041817547,1777122833,true,AZiXaUD7FMjEwpgwkN5XYJnm5CGyqBloJNVTb56GAw8=
2017,11,1,826722424,940883740,true,spggGduCgVLh7CjRMEBpQ2/QoC6QbHmLTaZUhmFIK3I=
2017,11,1,1425381750,1537361772,false,aIMENdLSqXiY8qfzAR9UhacyTm6ydtMmnxKXvIy5y5s=
2017,11,1,1995281987,165960529,false,xFFMeUnc6gUabIQTsG4U2x3SHBGAqGu8fEnHhbkqSe0=
2017,11,1,747743447,953203152,false,mIoUxaIcLfm+KIDQmlJzgdlSFH/FhXec3TpCMaAeJzg=
2017,11,1,487908820,1183533837,true,xXwSXyq2gmn3iHCRm3m6D1HfGH9rP2jEMOrZItde0+0=
2017,11,1,1224067751,1753288321,false,LgAF6u6kaV7xIxLudlotPk2qvyevOetPI4ujoZPtORE=
2017,11,1,239287458,2090818949,true,enGTUbiIXoq1tntd+oQeZjgVOB466TWKCZNoOcGP8nk=
2017,11,1,1071049149,586638369,true,fnDDrsRSj621yVHnIf4DVTLj4idg2BZLg09MCC6brI0=
2017,11,1,1079620363,1227070566,false,2Ox1R3uD1FBNdue/kJj9C9hnPGISlI2/7/9ToyYt8Qc=
2017,11,1,634083845,1124435950,false,uJ4qVrVTstiRZ20j1jtlFpW7W/shttL+aYC78VBqHeM=
2017,11,1,781092972,446173025,false,SdSNjO/HyIKyjg/M+vq5b9eJQkrBBOFQBiAEM+R8+bk=
2017,11,1,1579654639,619105838,false,4TD4KOgTQ1cHq0ZJXi57B7zUrL8iv3Wl5bEHwrsPz2c=
2017,11,1,806306935,324283883,false,ouXbcwb2PfaRR21a1CZLzNFhNYoIai7SeWEvUW1L4QQ=
2017,11,1,569800414,959891598,false,8VTpmHg4oIzGSnldF9mbHw/v8o211IRGi+B6A65/wKY=
2017,11,1,1149721797,1342010755,true,FnN1RXOhN4Kb5pQWF23O04rbD1vK/8jzwNTguvlNEXc=
2017,11,1,881435931,1046022400,true,OERJU7hRAIhudmMveDOY5+T2TMqqARevmIRcD9RFTmE=
2017,11,1,445455491,1927485327,true,Ke9otL8AuyFq09VCxPWxt3lWocAXvr/zj+LCOy3+wvA=
2017,11,1,1916333237,720023201,false,7LV//XoKrQSNh/YbxVVwkVGm3wFmEnZYtxKGowzntWI=
2017,11,1,2128856463,319416994,false,k42Orao/7dmWkmZQLYkbtask6A+UVdZ6lKQLViHanrU=
2017,11,1,727636116,1368954143,false,bK8uIaaxv9j/BPmvqgtI9WSoRqLHfXuA+Y4No2oylFo=
2017,11,1,1765484601,1974649286,false,ki0Ez6d9bpUDgUWX7hQNz+/qqQ/LD6xynEDF5JxIl0U=
2017,11,1,365160893,1239585761,true,zu6azL3tU1rlqB79v+XM2R4anpStmk1Erch9uJt1kq8=
2017,11,1,75561018,999753777,true,9IqC7kBJQmwD1X3WaEF0YF7SgzNW1vM9B+gcYZ07Oak=
2017,11,1,1985440493,1788458334,true,0yROhPin2TOKUCkmuUMhnzp7scdG1OY1jN/I5aI2IFI=
2017,11,1,280017839,1005514997,true,herkbvxoT9OJOQo8DolZiYRkDfLoRexXaX7SXarmg1E=
2017,11,1,1173858281,2112303221,false,IfkI5yvhz/BAlno35N8asrgqK3y4nAwM+Pft9lAGErw=
2017,11,1,460849550,206971012,false,hawsCtXFEgkDRraRTsnU3/J+DRctrdYvxEORBrh/NOU=
2017,11,1,1260848941,990244968,false,q7NqcYWhHuQNnl/fJ19xJ/T2ap7cuEy49wVRor1irP0=
2017,11,1,355293094,1507133521,false,utjdZEqRbfuC9rws3UtIj2bgXbKg89Zs15tXcKxruh0=
2017,11,1,593412775,1996221894,true,RJsQbMETvU6L1rRjbutdechSNc9AhkDRVrBNp/BJprI=
2017,11,1,1351496185,2144328855,false,tCqX/127WghU4TQNc/72QNhHtF8UKpwReeRvxT00b+Y=
2017,11,1,499316616,302603014,false,+bETSxcvbsDY3ipejzjyschGe1ZwjZM9QdHaJL0yF5c=
2017,11,1,1597287940,2075084429,false,g6GoPmVbIo6s1WbR7Gaud4rLxteMc+eltx6b+61S6Q0=
2017,11,1,1290971558,766111501,true,9XjRt1hhsKZIpJwLHAtdRv6hebN3wg9D0dTGJUqQtQs=
2017,11,1,728719590,794885759,true,zxBMsxpqfuVPJLVLsdgB+XUeOqav/33eXgzA5tvSDEI=
2017,11,1,1009188531,2046186448,true,pU3w5vFgr8aNe0WZRBmAQaVoeWjphVL7PEnlGglkC1I=
2017,11,1,1854662348,453125069,true,kabKA6a7u1t82MU+9ZkhNLiiqFOzziRcz9ImggAF2sQ=
2017,11,1,107523899,1817812837,true,4RWsmm/JjsI1LS8qB2x0QQLmrjw9X/EbSFhdWJF7Rvc=
2017,11,1,1789169093,278307141,false,Df60P0N8/aXP02JNlf/OJIifNF2C36UQpgs+DZCTa7g=
2017,11,1,1415787866,1300317346,false,qlaqyD+c8xFvlADalDdSCbqUP4thICE3O1rTtD2iILs=
2017,11,1,1164049339,382752665,true,ArszZV45rInSSYN4dzTqlbusGlxYYGSKF37ml4tcq5s=
2017,11,1,1980806508,394764522,true,n6bcApDuJA1LobGW0iyC1cbr8stuLYQqK+lVr7Lv57M=
2017,11,1,87249100,528468965,false,GevC2gDP+8o+F3Z5mhBCw4wY5pIAOrZhI9vBEJ/K4pM=
2017,11,1,1085308664,1680082142,true,LEjNHtqoNNMCl33QNwonGAGwioxNLgcEXEw6wlMRVrM=
2017,11,1,1963844892,1453023368,true,3SeWaQyPGGCj6/b18e9WBK2zXI1scrVDbnBbxOvUpdE=
2017,11,1,193376571,34476514,true,mlkJiaHfFA6bBmR0+lhdBCIz6oTuPayOCZAGuXbL/ss=
2017,11,1,606019177,359804131,true,OHyAxGDqCqdbzfW2ye5KwURmX7rmoV73UmiVvHrppA4=
2017,11,1,1933229049,475479528,true,THEKM5nXAjHX9sgNl0eRDG8yTVjbylA/MEzw/ae1OpI=
2017,11,1,1001699391,722171809,false,vGj4jmyAWyKteXshNZ11d+SKczcnWE7pNLLQd4lOy40=
2017,11,1,752074121,1082369044,true,yHjXsqPqVnvAiHW/2PpPvuppATbMQkmyJttMo/9yMQA=
2017,11,1,2145024594,14198601,false,VF2+l8gkAn+Bw4mcl8D+Js9bZ2l+fifc+nyNvnFr23Y=
2017,11,1,1873274352,1390603379,true,gmdh1Xx7kwgJb0tQ2uzJIvj9FzNLE77e2NSaO6LoBnw=
2017,11,1,2070777122,1373814877,false,20DrKcBInupxO3/vYxSYyNRnL9EG7CGB7y1wAMn47FM=
2017,11,1,1927160034,2051631457,false,TB5nN1WNAy+ogf54RFPzbj7WIP853nBa7rUIAQVMRrk=
2017,11,1,1187479822,350283703,false,vCSqnvt+ZijajbDrMuByVf12WKsObRaoQxDJdudJmyU=
2017,11,1,2667889,1065465540,true,Bz/p/ax5UZqqIeFcQQgymF2LFBn6KNHPgL2iskd3HIo=
2017,11,1,289314595,1567386982,true,AgmfjfPg+qyl2LHm7Hv0g0NUQQqz7JQsVMolcgw7bd0=
2017,11,1,864347467,762074575,false,8JnqTuVx0A5rlS1FkFfVpf9LQlwfWcozjVDtqSfwoVY=
2017,11,1,1395695195,1388200731,false,xe3NNBq7U2U2lWgY+TXXqr9pMZV38s3Yy1XfekfrbQs=
2017,11,1,1206864726,452403509,false,pY70+PxbZPT/cxcDxqjqWyY+07zBPsv2ByX81CCBN4s=
2017,11,1,1646941884,1941913142,true,4ZpF728dPhV/r29dDy6RkJ7CzPLO6x2FG6Km6ss7AZw=
2017,11,1,1410188470,1751050458,true,llIxL2ggZQLMiQk823c5ps3xUF06H6mAxgeZYjv7tBs=
2017,11,1,1494317912,566701954,false,Qy02l3EMoW9vp/jMNqUC2OJwDkCXOYlx0wSSQ6OOK50=
2017,11,1,970612160,320740652,false,MKOpSmfG4FG2lBpMDU2IGGTQh2qMdsg42h2HZlOnbF4=
2017,11,1,1325731930,1968813581,true,9LTKmunys4bq65j9YY/Qv4JV278zQ2xQMq4/dYwnoxY=
2017,11,1,1816941144,1327417297,false,2q4qNmcpEAF+UKhU31iL6YDZrpdKDHAXfpykDXCMU2g=
2017,11,1,1531947786,289923897,true,aNiUpnRwxtv2P/+E11VRn+v27U0N4CuhPUEM6zWh2f8=
2017,11,1,662511474,932786146,false,1RafwujQ+s1VuvMFZmM6k2NNKVplZY2cZ1AFNrZ+uSQ=
2017,11,1,870002492,2078108790,true,O3JcYb6arJwlCBVHAp6Rl4DMrTbIo7XWTqOA8ymoMVk=
2017,11,1,558582259,468905248,false,i0eNvICjakE/404jNBjBKwNU19d7eBy2v7IFgfSvYFk=
2017,11,1,1278261604,38445517,false,2Z10LaNozyBDEl9g9MFFSnOpx+5jdtopxqmtz81OQqw=
2017,11,1,1409822118,235130377,false,92oc76UE3fopa3V/ZZ2DZkM2sMazQWo+MCCxjLA8g6k=
2017,11,1,2060499073,1907303178,false,h1yuEZ79GpOKDOKLf242SMcuauSPUOWLuvoNtNKg1KE=
2017,11,1,1748786747,177680407,false,FRrBtBySlY0OGlG8u1raQtbc99L6q59cTOs23NrhaDg=
2017,11,1,1972939494,1176592988,true,Jl93EBXEu86mKpU/An51cvlTHVdAp2mPEtjL9Ybk5uU=
2017,11,1,1458214585,849212542,false,mjH/EDxDO7n6qTg5JKMwK3v2ivMwehUfs4DW6yvLbnQ=
2017,11,1,487693656,1963237443,true,XKRJOmoSv/B4cEN2vAs8NO+qqZXjC0DrdXenZAL4YA4=
2017,11,1,940881722,1565489152,true,Iv5VZN1rRuK0zuWPjPbP3vcJhw8uMDIkEiHfiubqLYA=
2017,11,1,420133423,258247575,true,v7f7rgYiJhHoFAkvumhsPTqHGLL61iQvhUW0hcWCTiE=
2017,11,1,1181077083,2080577047,false,f6p/VLnabS9XE05lfNFAqipHJSiY8iNxUbI9fIbwLys=
2017,11,1,45506324,1521964385,false,kVKGZABFH6NE+p0gCWdaCWQ/TzfH4sx1K3ZL47QSZfI=
2017,11,1,1812253838,953800032,false,XQqvBoTMlKOakUKtbD4dZZF0oRGwkl71JpojL2hJzX4=
2017,11,1,1705152032,2051312174,false,xDX8AIp/Bs7am1yP4rFQIEp3RV+o/3UfmI0EfafFryg=
2017,11,1,994787036,571474280,false,Bd5c/iOnVTEARnWJLgTaeqUahxsPzGqxR8KKYftWs1Q=
2017,11,1,1467509903,1130337727,false,czCumY+9IEmEblHsIQKqEoXMv077fOK8o6GVVOczYJ8=
2017,11,1,363980134,1964620911,true,hn76Mm1lZE+GMT7k0urowGfI5F46Nkf54T8I08duEo0=
2017,11,1,2101536529,438956791,false,bK40y8/ofwP4UPd/nmS3F254KQH5UOYh8nUAuKapsDw=
2017,11,1,1889990020,1437871845,true,DMmqQkesNiM9Xd9MQPdHSsyfzoKjZstXmIGl2Bvoqiw=
2017,11,1,708947924,1162155612,false,SZFlP5d871/QNhyYwKEtLc6cwlbnHJMSCC9tpplJJY4=
2017,11,1,1748354987,1556563001,true,U5UJ/Xwm3PHK5/RgxQTcLxsMyy+Kq/4sgz5IRGPhMDY=
2017,11,1,512143035,1714071300,true,wg2Yn3ExtySo9urV14IME+x96oUHCxClbaP1xDkf/FY=
2017,11,1,744880420,613549595,false,zfKqExRlD7fU45vjCFcVGaA8gNVFtH8VXandE3mNh8E=
2017,11,1,726055747,1807510741,true,WY6p2rlOqnLWKUdDXFCYVR6OmDRDPVrth7ctOf8FC4U=
2017,11,1,1638264240,1477344023,true,8XY64CO1/YJbHKhvknr8BGrC6AhB+f9rmNrpKfWB/AU=
2017,11,1,627206883,1045951539,false,6MxLtHqXY0J1fwiqeAvn6bWHnG50wFcLcte7qGkqe/A=
2017,11,1,377676883,1232652205,false,yBujkyJrbMuQCDXJFJWGFnypm060Jn4TFGnZN2LLqlk=
2017,11,1,260530436,1727420189,false,8aX2Qm7WXc2R+gTEqbyiYifYqI0XHRadBV73xypQ7Rg=
2017,11,1,2112163048,5946271,false,hAZJLg8nnWejDM62OoCjQdzyauSgqR+DNbG3VzHZD5c=
2017,11,1,980257579,161593135,true,rgVllPl7bLo41XJrJorFr4bm1GZ29WF8DVsYt89ArKY=
2017,11,1,1022588334,904200124,true,DTdQ1tkh5t+Mt56BVP9Sn703wuZRpllSwna0pfMTZiQ=
2017,11,1,1078321829,1408485303,false,pevVbXR9ibAF7hpycUR2h7fQzKs8oWxMJ9v9O0jqECg=
2017,11,1,529911863,429764187,false,P4HCCby9JIuRI/RxE0HY9/qmM9T1zdhT6nRADbyCKpQ=
2017,11,1,1267484456,1255349817,true,jX8BEcprW5S6SgZDP5I6L4rEx0C2cO9wu/qLyI1tdK0=
2017,11,1,1910086787,2073305620,true,k39vkW55oXxuDqhNxmEW5TEn0uKC+imUUNRkiieh2p0=
2017,11,1,1947497412,2071306355,false,Z5Btg+7EkAb/r3xcW6p/OKyWatG7sg2XIZ/UvfCAOM0=
2017,11,1,1316808334,350925820,false,PT0845wYBuWpEOL75voaGUhobsj9uYjgCI29juJe0sk=
2017,11,1,244780374,32296794,true,dMnl0Fg54OH0ayo8rDR2IveUiG485yjmITEptEf3AhY=
2017,11,1,1275475445,1714878616,false,kDyJ39eaB1JFQkLES5sEf/P8pWjz4nTolcEs2WI3IkQ=
2017,11,1,1783873329,368664917,false,QV8uivTPeOLV8n8YHTi6XVCbw9NE8krNP1ADKZiZI8g=
2017,11,1,1433171145,1519737499,false,P5P+Q4XR/8fWWvF4JOD7qQbXOp0umfqV5HSAlcsxsek=
2017,11,1,700304073,1903820583,false,HdvoPFcJPrS3ByspAPHnyzqKr4RuQV8K+o+LSM7oHDk=
2017,11,1,1181974305,947856051,false,zi3WRHyQtBf+7mKsKGdtVqIRPoEQvCnJSEASalxUVvc=
2017,11,1,1787642591,1639006243,true,eY34xC8BTIicUswHIByGkskEuzfWp55MHq84n9cQv40=
2017,11,1,2000685964,1808805163,false,a9unJjQCI2T/3yvGJvtp6Q8Eyqa9evVi+BD+hr88p1E=
2017,11,1,1475352655,1605771466,true,uSXyjmKxJQgXFvxEtC9MJbm5yGaQ0g4QQVJWKEH9bEI=
2017,11,1,369396857,1539509656,true,jBFG7d1JsVShCX57OYNcipPxgnRkrFA+SyTksRWbyfM=
2017,11,1,1946503069,2006859608,false,EamHG81OgP9lcVAsltfWipbPkDf5J/3eDtrxZC4jBtQ=
2017,11,1,1197398291,469805233,true,Wfrp6Nv3PP+oaZ5zlW2nGVtQVEkE8YGGHsh973Hnx2g=
2017,11,1,1636600677,1205018429,false,As7o2wt0UAgsWDThvWMssj6OcX6bPgsHGmoAc2rYNgc=
2017,11,1,2064098747,29125769,false,MwZ9ZgDvxvTnOQFCfUrL7o7IRBlgGvlFS7zIEKvqufo=
2017,11,1,886167805,695125413,false,uZhDsF9JLsjisUc7eQyua0MbaSQElewUjY7MshxbDfc=
2017,11,1,32362687,999593163,false,7D7GZdQbyffJKcdnuTct6PVjKSEwtfMuXVEkea8BnN4=
2017,11,1,2107101705,181255957,true,0C/67Wj7FJg6ZySec3tKirYHsr8O6YlioMdvj1f+Gug=
2017,11,1,247629700,1298541056,false,sNLHxz9xpuyT+t1j85yGLezS4HIQ1XdMro6eCYJogKg=
2017,11,1,549443244,535231897,true,AGJPQXDr4PQy6JUz4X8ZRGizidg/QmzTBiLldNtOezA=
2017,11,1,1595207571,1280348042,true,c2cWmE+HBu0sr03IXYQLtaBo7wVhbUtMvuH7exNBHNQ=
2017,11,1,881509023,1951615740,true,BJPjI61fgPfKmQXeE2Eth37Zkz1AFpzqEtqYggq/wLU=
2017,11,1,1022218617,606026159,true,VtOAq50pPzB1xprimVxugE1kVxY84DkZ5E03ZUzbHfs=
2017,11,1,407246153,609257048,false,cqzFNrsn4a86EnG4PnDYsLCdo5ACN1lQ9AAcGGVgg7w=
2017,11,1,1641326206,1292824672,false,EI+QbOf5wHb7qdeaXJ2B3I4YJ+OYWgihY+EzHHbToVQ=
2017,11,1,2019252849,678640321,false,QMhlr+t81aW9OZEggheDGJsuyVtO3vFer0YNRsXxWI8=
2017,11,1,1624639918,559313736,false,dgequXzaFP34yIftFbGUmHFmyBOFDUMnDb6Vzb6EMTE=
2017,11,1,438823082,406554024,false,XSv0c+OTa7MLydzL8gohfSL+i+OZFIUPwuEf4WCx5OU=
2017,11,1,1884940699,1132475197,false,1munWlmKf33zex2j07Fe6cbs4eOZtRzweaAPplBVf6M=
2017,11,1,181888327,62075527,true,+Ekbzgh9kgWUmcAyb0vzwDs2J6srphXsI+PI6QCLSjA=
2017,11,1,236530950,274103843,false,vuVxgg/RjZiNXHsirZtiXCz6UNIxPmD4aaOpHcnIgH8=
2017,11,1,1180808172,467327605,false,lBcxHU5982z8lh5YXp6z4rHS0BiZS+XC7ozMU1COJuE=
2017,11,1,682153137,1605398446,true,qd2ICT2MjFAV59BpytgDPrzr1/blAlMWMLKRHlSYtrw=
2017,11,1,39183961,496100109,true,LrCLV7RtOyh4k1qyYEELYA3YaUeOucNhNd+lknx65RE=
2017,11,1,2015400538,2097845814,false,d5VPcNeWzY4l2iZUfTeQIzFcPvBdl5f/bo7VFTl3lL4=
2017,11,1,675004623,6255628,false,AuN/YiEX0w9fa4Tyta1F+g78cw+vmvx/bYSXwz/aFRk=
2017,11,1,1946338894,1471773097,false,ZnAkS69+beJ3k8ddoOckzS8MHz6VGWPg9W24GxDP2d8=
2017,11,1,1348469418,563732197,false,v3dUEjAVZWt1dX4oEJHqXCrxCyHU842tQwDnIQJHzAE=
2017,11,1,656235430,1134760166,true,39/b4Shp5ZN7EJyIFPMvmU4tzp/eJJ4pIEsAZw2rZ1o=
2017,11,1,1458993015,156947741,true,9jvWZhKp2JujGgEEKx3BDuXoI2b+n6hVaxPHS5utp3I=
2017,11,1,80513120,1098174628,false,I3J1AEQ1xUIVkjDhcw2By17VY286M5+/Hfld57mRYpM=
2017,11,1,1191271647,375062420,false,yU88Vd1bJGfyohthlCT40WrCeIWog0zFPMtzV5t1x+Q=
2017,11,1,216053302,19031066,true,bSwbdirHg3KDMD5bSGP2Xyyt3yGVfxKc8j7klPXPNII=
2017,11,1,1041285773,889603891,false,LxZEv21vWU2yIWEHJUaP3LWA7g42dHKGOQuRgUiKoUU=
2017,11,1,1471971811,1863848562,false,g5L5nEUgvMSCeTzLn+7Hy09vNuGrc5i1GU7dgVgUB0s=
2017,11,1,1191208955,133704138,true,mRjLr9cr0qDsSbmCBRvWgS7QMUarvrMgbm6tkZ+fGPc=
2017,11,1,258078460,1431073481,true,91E9IaZvdg+46dM9H260Gfz8Pmw9edJZ7fZ6KnOjl/8=
2017,11,1,579000129,2100827398,true,grsaDiWvuSpKSc3sWsnXk3zA0IBL54n3QXqVcBUFIzk=
2017,11,1,2014576143,1043192676,true,v47edrzA6tKN0aJQjtXpk98vC7AtMdBrZ0YY7SzW4AY=
2017,11,1,1840332928,1269094561,true,Kl/TRncWXm+lf2z0EYdtoVduFc7gkSsPYAr/e8eFUdU=
2017,11,1,983742529,1977509343,false,Hjjj2XyreGzgFjcYM1G4CfUQWZgzvc4Zfo2uAFgjy/c=
2017,11,1,23459578,1584259363,false,HBruqasMPdwT6OMEMpaQqzoLzqgQPfPF2aqWYHBTEec=
2017,11,1,1655982076,1376331178,true,q0El3EzsE59EzXxyoY572FNvcllqxdeENX7mCQiivWA=
2017,11,1,160896202,176611709,true,B8Lyk+WFXN9f53mDFvXPGeP6GDGC5GW/8xoF1+QA0uc=
2017,11,1,1978107780,143224411,true,MkWoVMI54EDCwK0Fk9s/LDDg7/dBlIPe/DslZgfa6i0=
2017,11,1,1668482730,148734388,false,80Y1SJRg5lnDqa5IZZ70tr7iNNEXW9BWj/VotOT+mns=
2017,11,1,113090659,1647167483,false,z8o8isUnh8czWi7A/Iw4Y3vBH7RBMqEeUibQY9qJeEQ=
2017,11,1,837260292,1064206204,false,rceq66UbS065nwyb7Etx/uZNCSWAWzo9VpUtr2Lufjw=
2017,11,1,1392758853,1726004180,false,otT82K2KC7x66JTePip3r+VBPkxvB/6tSI6SH8qlXL4=
2017,11,1,1366369728,884812511,true,RUHT79Nd0VeNZ8lNDn6wJ5TNrNPS/l9q0z4cERLrkpo=
2017,11,1,780896294,375774959,true,sI0UPnZuWyRXbUr76DUpKYuNOkHjzmFpBH0Ds8P343E=
2017,11,1,2032006079,816912064,true,PqV/haC2RnkR6nwbKoneOJodCo/wQ2mLjVufok1FWuY=
2017,11,1,1060667638,2007506054,false,KFMRGk7/8Si3fPdgk8vlZbbjHdZFcl7sB/IuS5Yddvs=
2017,11,1,910361758,1019788298,true,xYjqhFqSQV+kTGLf4Vmz7+ZgwTIgZcdFpQyKUFE1y7s=
2017,11,1,1097483152,1317428204,true,DBp2H2jWPPHmqjPxEyFjDqv3OUBFzwhhxZ1Q+lh5LHQ=
2017,11,1,796446471,765204844,true,CucI6jfT/OoJJLoBuENl6o8COoqKPOaUhipJ9o7NI+w=
2017,11,1,262736451,1242680938,true,nqZNDIPtHjSBczLdbPSq/BgJGSnHU+gtIfOi1WZ0WbQ=
2017,11,1,753602149,1295809627,true,AIGMMR/6bEqNkNpSlMKXMmJroCHFCKox7hUkIFhvx/Y=
2017,11,1,1759263324,1068296093,false,c8qO/VlrfeRyFaeXX4cAUF10tl1ILcGVHbNbU0RKpMc=
2017,11,1,1900930765,880588539,true,CHBUmWtEM4ij9HACJEMF5p+epz8nikcuiSNLTTqSbIQ=
2017,11,1,847540842,288729558,true,C53iSkOMH0SHpkg8Wfoar4z5EufvHjjATgI38c7MQhk=
2017,11,1,1919991430,217738855,false,0ozr5NseQ6l5uUXI5pQ3tiE6fQRETFyNY1iLuMtYKB0=
2017,11,1,238774153,1862638555,false,GHIJZthEnUk5UFoR8oiPPMGXWQI7mRha9sHN0CRdwgc=
2017,11,1,199284863,846886290,false,G7dUD0Tn5Gn5ObSFxSqr9zjx2vHy0eVzHxlb9xfn+xQ=
2017,11,1,2036402011,1510123736,true,taG/ZDs6EurOJQhCoKwVzT9LlaZFkg1TDGR6J3XG69k=
2017,11,1,1783244502,2060043291,true,5rzr9uBqXoq0ZiwBHQgR8964+gaJUalTwEwjAdAiwqw=
2017,11,1,1827712123,662357614,false,KMXn2ObmXrGelbUH0cDP2zklOtU6JEnOiP15iP8zC3U=
2017,11,1,1683612581,894923735,false,1dZ7kytVvfWpaZKWSi72D2sP4GO2YZy3dhUyp6t4ssA=
2017,11,1,1304882930,52876109,false,KVaRTFxcdVQmkEGfc+4aVaotMuyRH+C5rLTOtHXJcOA=
2017,11,1,1967382403,175614482,false,vH1PyFQeFaduqDyFUPmsQIIMUmXrhg8Px5jKkwypUok=
2017,11,1,1925875421,213193925,true,vBIPjEv6U/jw2xVbGYMW9/uEDkBiJnf6mTehDYdp2pY=
2017,11,1,1991482496,313239598,false,INYhMDhD+jQlRukWvtNY8hc5CUzKWVjv61I3kF3wTTo=
2017,11,1,1318889699,34437672,true,NxUoaMIi2KyoHvv+54TNKfM/ixzpPtUfYu/xNAA5eqg=
2017,11,1,46954894,880697154,true,Y7yIZMgUWtaHXhV8rYcvaiZ5FFqfrCRsE+XL7vUQ1VQ=
2017,11,1,822569457,204684004,false,s/Aiw28ue6gaYcz5c8Caya3B9qiMfEySngK1iy8WX3w=
2017,11,1,619027002,212931879,true,SuoUWsE46m1L4VN/5JqkLiYJrQtTmtQhR7Yuv2njEL0=
2017,11,1,1731195938,1700494554,true,GtTG/zvRmS6K08ybfvVEZZUJfe0Z+vuKAgOC5DGVZKo=
2017,11,1,1798603398,1845519810,true,eZAeKhW2qAMB5X0pxZOexyvQl38Wewp+QPYnswqF7Qg=
2017,11,1,986356402,450158681,false,xWF/8sHbXTytR4rI+t927v0/nM/TqgDvKKY6Q/ZqCp0=
2017,11,1,1351087544,572338816,true,Vx5f3r/9tkPTIVPPG2Vmxv+g6tpdsSYFshAiyvchxlk=
2017,11,1,2071295972,340604786,false,/3+/rdOhngtleMII54VTvXMJP+09g/jG8lusP+LWZX8=
2017,11,1,293437642,800601305,false,APU9ZmlunKn/+7DO704e0C7Evc/sz2FQSV8IdWyJu0M=
2017,11,1,639530528,570004776,true,VW5jzsxOmAkdtfv7oJAyRonxBDjBy+PhX75C158gUIo=
2017,11,1,1174049309,426772245,true,fNiXlizOrmhmCVniA9dVJkNSvBSHZevWxuY9E+bitos=
2017,11,1,1858812387,68324077,false,U5YO9xVOnUVYebWS9FZdPeh+FuTQS6XoHAqYy9eLNFU=
2017,11,1,1090832525,1865621929,false,Go7TNt49DTqxpoNbT8UujwhSw4rqeSr8QmPYbhLugyY=
2017,11,1,455266598,500518422,true,rI0pdIK8jGJGZCCfDpAYAiFPe3AdH5reyLNVa3l1pq4=
2017,11,1,425450993,1153367439,false,reNt+/qSGvvV55tF02P+mb9H+LKjgigD4fbsmwklAYo=
2017,11,1,116284569,2018824402,true,F9xHBtRVGLbqTJ9AefkKfg+iATQKl4bXASPBSCCHS/Q=
2017,11,1,1892982701,1165425985,true,+HR4HDfTE0cabroZ5BU2F6+RkpEa86HpQIiBcvoXu3U=
2017,11,1,1758345723,526608084,true,nlITkyWVdVh0K6nS4jSunu5nhY3h/rwBI+3nzk4wHoc=
2017,11,1,890628984,314330544,false,PfbG/A39BX5WOgR7+VYHt/Cbvo9cvEKjCtj3ZDm/RN0=
2017,11,1,575234727,249113940,false,VvbnU40ZGYeesP37/EN9Ai78qiBSH+MIhXT7/2U0XUg=
2017,11,1,1333197595,1422733572,true,5QWshuBzGB/V0gaa0B94GvPF2yZ9z9lfxJ20hwUwDac=
2017,11,1,2048382552,1401262447,true,Y1yJvtG9Nmh/iNBz7jmvaOc/jgF+AIqDYkdkw7moSww=
2017,11,1,1801512302,1622556110,true,Ah6HmN+Q1VIZxxvXoIOHDPvm0gixvpe5ZThLnRykPYw=
2017,11,1,1709398539,1431754695,true,9Wby0GMmkn+h9U81Uj3Vzdo2zEOBkxae7RVvoIhn5o4=
2017,11,1,1265886117,1065232170,false,u8D+4PsnlJzGFL97vFMozAZVwHXJY3zgDFaSZZ5mtfY=
2017,11,1,516206553,1318065478,true,gSLlmEL52PCGHpDDoTb6auB0VbSLuPonpXZE6SgKVuE=
2017,11,1,1838740011,1933113810,true,x+AZGB3XbVNbfELqyLqqcqI6Xtdv2mPHFp93nGClSyI=
2017,11,1,701278138,602178829,true,hjUaSc2gMfaqLZ7xXZtK4Ds2rs514lHo/GocCFDzodo=
2017,11,1,1700447824,338418341,false,fQulQvfRL/jwzc5ulPnmJ0MJrOg+Wtxd0xXHC9PYUMQ=
2017,11,1,543713404,1535128994,true,1uDjqOZWRCxHb4n7sAIYG1Xnu9CatwRBEJ3LaQZrXvw=
2017,11,1,1861537762,1929303450,false,Ps7Bep166SeChzf88PDHYNNoS+2+7BLoN9s6lJaYLi8=
2017,11,1,1697079579,1174305212,false,gZCvye/PouqBCZIDpjOjMoWZlEayWtBkzrUAThWiRKA=
2017,11,1,752718255,370558714,false,R3YQgg3y6u94ujYsfSEXGkxhODhaJnvmiy7er9HsE+g=
2017,11,1,527289220,887190835,true,wZj6X7Sp4eTjkK2uTNkKPme47owYO5xzChlawG6j3uA=
2017,11,1,1068629763,236001160,false,yPI5nlRUJA/D7a/+12siZFvyG6k+WyeUDCfD2jm5Jp0=
2017,11,1,306080563,199255982,true,kv6jt11hHdxAxqJQQrPMSVhHCL68OsmT/ikP1WoLhmQ=
2017,11,1,29813690,1160223552,false,O5OaMt6OAelI6B1caupOcawOaT3ZZzVnE4tmCF44X7o=
2017,11,1,1687149113,1144460129,false,s/GfGvrPW3JM+KZ6tQDMgXKeF/OCXd4HT1RAXmc5efs=
2017,11,1,778375245,1329648317,false,NWe0/cgXVjAXdZlgKNY/dvgdAHk/y0BhPcECoPwkftw=
2017,11,1,1119158043,1838212127,false,NRbDasFRJo3aI7GmjBIkKocSnCtuzpp8Qwowbw5Lt9w=
2017,11,1,982886564,2091254345,false,8wyEKJQdBv7eCaZnN8kTMBXXI7twI5LZdYMbKkbFoKg=
2017,11,1,544753455,1662383007,true,tfbljBzXvIxEk5Q69pazONc15eC+cf3bY3pwfd8OfzA=
2017,11,1,986906827,985121808,true,g8FUWnHav25eF5UnaqoNaRnPF6uXkS0pNzlp97jPGq8=
2017,11,1,414758465,778371280,false,GieTtN9/7+BVo/WOxzS/e7OynjI5FSNOb5QqjBnZiSI=
2017,11,1,386165290,625162209,false,vE7xf0uKCA7SWJHghGbOjvfDCbCFxL64E8O6en96kG4=
2017,11,1,754456756,989472413,false,7GAJ6WQ89SIkszORnKpwdtktBj+NWUhMInJQXhm2r0o=
2017,11,1,235000436,724451858,false,rfAmNPloLF5bcCsqb9RpHwAgtrtThxiMz2qss4wORs4=
2017,11,1,1582257504,1380106407,false,nsRFeVy0henUyg02oCEYyww+th3zLhbo+8gWY7VbWiI=
2017,11,1,703800036,2078710950,true,hduZmOSbeJqdQnftVknFPCq3vW4jv1IUKeoNRdhq2/0=
2017,11,1,439903692,1327503259,false,s4fSNr203wLTJynIqBWTvp6mOnvKz6Wkwyu8OqxW7r0=
2017,11,1,1175597772,1878708063,false,uHCTMJ3uj89Cick87Z79KiTDbdsx4OF+DcxHmB0EagQ=
2017,11,1,522272875,657879920,true,NSroqeJ8tTFtVHlkSt+if86eW/jsWc8aKQrH8O90Dcg=
2017,11,1,1524088532,1962249787,true,5gEGWxpTCru628K6E4FBVfwh9D+sUV4lJlizbWui7z8=
2017,11,1,749500277,651091813,true,6v+Xm24+dpNosT52WCFQgySJWyqdLD8r2XP8hg3tL4w=
2017,11,1,2090047616,201556145,false,skZ6gJfOYjucV2WYeEO8LsHd6c1UE3bxWWNwgAsCKHA=
2017,11,1,1055009971,1975095285,true,FDnA5ZBjj66ZA7GsCIqdr2O6M5Tv/iU0CcwIzVY/Hdw=
2017,11,1,782182135,460278739,true,5ATFrX2Qo4JXQoVOLBUzdBLntzuzx7stnlWN/6AkPGk=
2017,11,1,838178537,299077082,false,rXImEJuX5mU8cJRMdrtc1wdxbx+3V8WTzVOurMAyOBg=
2017,11,1,1109651691,1486715453,false,DkE6Hgebb7mLKxyFD4/bKQ4o/7SuIXkYE/eqnj4JF8U=
2017,11,1,381352648,44063824,true,9114QPOqIgLEOlMY/mO/l1wHxDHISV01/m5DDOYrsS4=
2017,11,1,740913070,1297549420,false,BMVtHuGqY8A1xuOXNM1WicIBA4bDinNRT8+NLepqksU=
2017,11,1,214555321,727182974,false,/XSxtGeP6LPOy6Ac7P+0LcCeCG0ZZqw39NTQYyBqzEE=
2017,11,1,1105222529,1617464595,true,TRM3FRvZaVyH51EKDejY4hF7KLnMR/ZstTCk+Ab5cTg=
2017,11,1,2019961760,1372817276,false,RzlKe+60j+5GS1Nt6JshDUfSo5zqIPC/S1pX+AhZldg=
2017,11,1,821092054,401069701,false,ge2GMxWJ1zVehYiUDdDRihDXRHBYr8nTPXlruQYwiXM=
2017,11,1,1221259940,896424023,true,EWPn8e8WRWBK+J0kJrugrzev8L2tAfZLB7Hls/Wfy88=
2017,11,1,2006389527,524690390,false,w1zIjIIJ73ep52ocbSlO1QLdwVjjIWBNCVsjLZwOOsY=
2017,11,1,1703743609,1442836500,false,SE+HwkKY2xnXULlsmcjGH/whDcRUVG5ip7VczTLKshc=
2017,11,1,552780625,2104105983,false,3X9cRiFirLiVNknSKfZDOoq1s+8KChMyhFb0TybqfNQ=
2017,11,1,231259734,411465467,true,wLyBpRFvbHqdm2CiH5PJD9FAvqRcLMU6OTHlBV1IXbM=
2017,11,1,544829922,1242911420,true,d4MHLyI2VZy5S1sNZYjKYpTyS25BHKC9SDJUjachMLM=
2017,11,1,75549950,1252308271,true,xBgXqUCZ6hzFMerXah3yboRI9iHDBvEWE1TppRd9nJw=
2017,11,1,1271895135,1280855495,true,oy6bGphqpOOeE73mvtUTxvELwxxUjd9+AKMfrQmbsBA=
2017,11,1,1708182274,1288473359,true,vct2iiAbm9bZM/1C9KMOJio4Iro5WM57CANXCtmocPQ=
2017,11,1,1806663712,171006263,true,cUWUXKcZvt9XbSPj3ZmAexkKLbU+fGKI92Dl9XmV34g=
2017,11,1,1321298134,836758745,true,wtsnZM0YR77qSDsOxSUcHrvGcK84W+Hf3hPHum0H9z4=
2017,11,1,296625756,1778264796,false,dq9Vw9IwSf/Zb+SeCCjonMG0mDIJdikppYNjeSRDNO8=
2017,11,1,892754085,779133584,true,IwfQp3gw0ABq47UBY1FO1QoiZJvFAmya0oaviA4qSsk=
2017,11,1,1776861441,1588096952,true,bBoi9bP5Dq7xf8G1nszVIOFaATSHa0zSXQZupwzZJLs=
2017,11,1,1225647791,908463191,true,bjQSEvpmXanAqop2Fzcq4pWOAar1JOOyzXBQz1NMvJk=
2017,11,1,1845657601,1555453539,false,+wVKdWUBI3pyQFCcMLr1qGWi+RlnnvpYSDwpFNFA+es=
2017,11,1,1061329933,1425886391,true,P3l5aNNtRbIIEMADi1GuIhmfun9Y4gk4FnBIcyoNRqY=
2017,11,1,1328613846,1218348170,false,L0wbB0r7dimAx5i9fGm+iCasyFcWgZH7jQtUEsdXrng=
2017,11,1,1935208341,453899434,false,XVhL6CQ+ExNtEvjZwKZkElweBAFp7ojefCQPe2eTeh0=
2017,11,1,609292812,1826962603,false,QLPkwBjGOqndKhydPShN2H/4tPItxa03gt3eBSVH11E=
2017,11,1,1837850216,352084544,true,rrt1HlAvys+aAL6/mNuqrUoId7rUYDzortZeFC2ckoo=
2017,11,1,1172285070,1770402531,true,gsGVcdx7krvYqJZcSIIzmnHd6t2VlxjE7FgpgIIR4TE=
2017,11,1,1587678947,529834755,false,slyiDvzm6hnSYvM57hbske3Oa/CNCn/9cmUt7A80Tk8=
2017,11,1,907995109,629379303,false,gDZUma8qL0AJDtj2qGvhzhVixtXjfcUUpPE6X/FQVZw=
2017,11,1,1545931588,1756274892,true,ApbRSffdPP/5IaFLx1Wo1miWw+fLegb7r8EkvGratNM=
2017,11,1,1823765695,954767134,false,bBYFP5Bs8GrjMDpjU2HIV6umgO09zUbPoLwplK89fn0=
2017,11,1,140323328,1472719758,false,bALg/YqaZpv1r2rWlYbcjz+CX3fBtivPqc+cU95Tq5I=
2017,11,1,504646170,1634628382,false,l746pStdRgRzw43Ow51/mQKiX3vhYq1jV219dLQvk7Q=
2017,11,1,398987190,182686147,false,0RCf+NmXSIxQZ8k6Om4Ku+wWsVAj3/VbYegp1Hflj18=
2017,11,1,1223051566,1553891792,false,tOywTv/whH9cCv8NAU+Zc4EzwAwOnlQwxNRdKBHpPvc=
2017,11,1,224295126,1983918634,true,rtG5ISV4jhf4gOJZ4ij5/YtcPBaTIDsEKplpjiQM7rY=
2017,11,1,2061755903,2137636891,false,C/0p6BzREZNGnHbvSsf2+uXeoTGTq1UkH7/m/810fjo=
2017,11,1,336354161,1444639503,true,yzk/YS3JUYhpd81geE63wqccqBxDB4+zUxsp4QQ60g4=
2017,11,1,175430468,1409449324,true,+UtoGEXQlVYRYfRx59ZYS85mIZ4/BQt7o8u6EucAfTU=
2017,11,1,705045178,679391536,true,/nF7Gi24V0lXCRHYqH6xlNfBgY34k1SNHsxZmJWY1S4=
2017,11,1,1424036624,1107394502,false,2dXb6hFDkcrfH7nMokAhLxQJI+0u96vM7GIls+x+2I8=
2017,11,1,907196291,1893621008,true,1ZvB7XSIVc0+pSUIg37M9XOUEju+RslK1fwVDBgjyEo=
2017,11,1,1857190177,134814181,true,SDp2OYKAzosW/Dg6/ZRLB6KZqxzsjVzQxKwlRMEd5Pc=
2017,11,1,226915853,1273545114,false,cE7FmMPAg883soH4YCdcQCpDlC+Qdnud1VpLnG0OIT0=
2017,11,1,2019959110,525649264,true,xvXXVcje9Ms7uF/5RnM/d7Nyf+rLJlafqNatZA8WSYQ=
2017,11,1,622304647,1939222032,true,wQ3I+uYs7pXZjOYNiCveSlK60NC0eGct0JBWBVNTD14=
2017,11,1,707617911,1751347944,false,H8ML8EG6RUZeAkWere/EEGDcsjcVsby/YY5L1mcFbxM=
2017,11,1,432915807,371211094,true,j0VfDwC1hVFfLOoefWIeqA3X/XOwIcMdSurCF4Z5QBk=
2017,11,1,1253049952,1436557937,true,d1TdlgpYJZqvlRfxzbJO8UBcaBs6qybcqs+FA8eYcpU=
2017,11,1,1185385928,280818392,false,H1zF3M/NVjKhCf9+QkUE3n1t27GNvIww8AhQqiXeBtE=
2017,11,1,809285497,1640282379,false,0u0fs8h/0E4frVqfjGp2ByBdoDjk1iGvYsDYkAqbSxE=
2017,11,1,587268387,854347300,true,1bfp1Pyua5YfxqoIznL4NZK9dOmtrap/Alvo0vNnH6k=
2017,11,1,876404109,138672109,true,dc73jHHNZU9AMSmqWwLSvIUfS+suBsfz/j/5Wsu8YZY=
2017,11,1,1438051472,1752862670,false,SzqdkirVqxJg8E/cMDXNujSS4QyFsykc/8Xr0Cdtr5E=
2017,11,1,1339680575,702613591,true,Johk2C6I/vnmPWeH8/9EEMnR/oLVeR3w/6/v/4gu81A=
2017,11,1,1340944287,1883552734,true,AWaOxsJ1gahUiL8baVdjILimOdkhar5JZi7oDQ3wh/w=
2017,11,1,2083195349,1972708966,true,OV0AzSq9XN+gl9oHBvMT4+sROrCCN1JOj1Y3ITKflKg=
2017,11,1,2068201464,846898953,true,iH0nQ150vOtX679glMFxuMo5aJDQZxkfCykJljunFIU=
2017,11,1,525261168,1651825088,false,bRbqoqOvkubyJfPN9wQyaQHk3fEoRNt/ZGWNFLp5qYM=
2017,11,1,1388451100,344773133,true,0Om/fjDmmqinM9ye0eN/rP9VUPRaIJ4Q1EXsOfx1TwY=
2017,11,1,1555849606,1502300722,true,jPzr9rryuN0u3EKBIS9S9QpjPzhFMpth7kso4jLbqTI=
2017,11,1,201302363,1652651470,true,x68nmLEfzoqwa3jj8qVhVXq4pln8duKggBtcoCKSyD8=
2017,11,1,1157824723,1323529529,true,s6lEgNCHG+ckiNhlA6aGzXccB60NADAM58mypfRQZl8=
2017,11,1,398823721,140363564,true,/T0r2rrvopq24/WoOj5No/KQQrHehvuYEZww+tf9k+o=
2017,11,1,237255871,52956787,false,/V4EL0kz4bI6CyZCvpv2iNwbCnqaLzadEfZ8kWhMDDc=
2017,11,1,1153151423,138115764,false,ayf1qIuEAFTwTkczb7HJQDs3Wfr6BMEbGc9ZwAEIiEU=
2017,11,1,1231409350,236068502,false,Qux11+5gtE0sLvgzu8/cda0ghMS3c5UkyTt0ihA03UY=
2017,11,1,1631921778,1395474005,true,RYsNa/q3bDrQMi0SYKdrgt19iuimdxfjjQ9mTRTYRsk=
2017,11,1,1340138305,407557646,true,YIHc0S4wtKTbinFluz6IvrXKAMKdIezdnxJ2HrF8Vhw=
2017,11,1,192441877,771150488,true,04UDwIAIKXV9YbxVrDwRrEijM6eNFnuIRTPbWsQ/z/k=
2017,11,1,470424212,1048532558,true,jv4HD/qKkYL4yHsh3/4lE41AAS/EuCSGGDfNkAbgxtA=
2017,11,1,1956048063,147071962,false,da2TdRw2Gm2M8TixcCWgAVK2t1D5dLM6gQTPWyC513A=
2017,11,1,1495596310,674236965,true,Wj/hFlcMSRiceCejcNDaY1baWlv3+TfQwZFyE4Qsaeo=
2017,11,1,2048113193,774722439,false,z71U9Wgwt4IHjxhXxlsF1d1uIYg99JJqLWmc6zjwv3s=
2017,11,1,1770124516,1782222260,false,eu4DXonDiSwCnfaAokOflweP/LRXArZBAqzZtOEO5lA=
2017,11,1,1202965137,1605033580,true,HMfPTAynxKSXghjlRHtiv3YRxFxWfVbI220M15m1GDA=
2017,11,1,1010080086,853358409,true,t19Iw36iSMiVTL+BDP3ttwTME7ecYsrCfJh3cR85Lmk=
2017,11,1,964358848,733819705,false,gPZMcG6kk/MVj+qzrQ5SQTzbCvKGR8GCNjWrXQcnycg=
2017,11,1,1503863120,948074412,false,wxOvdeVjGK51R4h76hJjgvLx8cEqdyF9G1CAl+R+eEc=
2017,11,1,118685294,117607022,true,9l63UfSNJFN2+7+614na66eunfOJuLlXXQAnRXN/eGs=
2017,11,1,146836081,2012560829,false,61TysPQISWJpgn7kruzg/ehJkPcxOnYcMVvOlinhYWs=
2017,11,1,663350030,671679580,false,aaGgTNuUxIbHWule0jmtjq4NIA86IJMHziigFz3kr0w=
2017,11,1,1502786534,778017874,false,RGUL40KDiqekLU2V3lQdkK/sDIbkFyTJORqpEtRUWc8=
2017,11,1,1423402610,1516945640,false,CaRaCd51vlL0MO0A5gvhjQrQvFupqaAO+PgQF120tNQ=
2017,11,1,2076499317,1468524384,false,kgQTnzS9TNxMbdaJU33Txtg1mkN9bHp28SdStUU8OXo=
2017,11,1,2129943356,1984222401,false,2bc8/wfyQOssichb+X/PSXEJSZKKY9UMkKn284wR2YI=
2017,11,1,1072405936,2054784820,true,PvZViManq3gEQK0wwaR33jM6G5lf+j7F0aPAvB4eyag=
2017,11,1,784232111,1448488928,false,peguDSM4g2ktvz3gXmYAS61tf5FtWmx4QiYOtIm0y38=
2017,11,1,376563866,178038354,true,DKCmCX6qDzqENDB93qOUNH2BuO0+m6gi2zT/Th5/UPw=
2017,11,1,2071277153,866752936,true,U0itI+OSAAoMZaiTo1gUkUWVSGOTLJShBmcw7+rGrTk=
2017,11,1,1219338498,2135951935,true,EekMwJ3Zoc0DcTvWqKCea/Caro6RfR93WSfiEPeSUrI=
2017,11,1,349767938,1979378105,true,qGyASeFaPpWnM133ASTDztxv+6MsBAxcfN9aHva6v5I=
2017,11,1,1643310349,26380889,true,MuMN6wC8uXT//2ovrrc/macGy+kNismnx7EdMWjTjWk=
2017,11,1,1701994700,182208964,false,i5MwD+XdA/d2lgCOGZyqVb0TzTO+eA/OY1Y9vGTNmC0=
2017,11,1,1499566857,1609015993,true,MDfeQqvzAqxE3kukfQKExqrOopCcKqVYKs0z3Fr6kzM=
2017,11,1,391573493,281612214,false,sGGRoWo8VQpu2MfvergZF0PYKnkPe0nvmjfgVvLpXsg=
2017,11,1,78786722,625442268,false,51jSSSJ9x96+clHRKT6fX3ccoR09InoEIW3jq3jtYX8=
2017,11,1,785439583,126388475,true,iRYZjPrCpajrn1d+6ToL2MEV4Rm482Xz93Ss7TYQJtc=
2017,11,1,1813237215,992244387,true,vhU4kPGzWATSdV2JF5+HZ3s2wV2g14jH5JCydFrDe5A=
2017,11,1,1394741201,1745621164,true,QGr/rjvAZMR2xCrv3jzQz1jU+hJ6eBQRxwX1/vAAonQ=
2017,11,1,681847115,996388420,true,sQ0cTSF4s2c04nMWpMSNSgsXLTW6CipXY4mbGckc8Fs=
2017,11,1,2083923227,687910875,false,xjcsmKs+bLKCnLyB3aMGVmiPeYA4hLUUpXJOfA0zB6c=
2017,11,1,1336396473,860212961,true,/30KQJPeYOVzS7OPajpKld6QsnERi2y89eoEypCBQJc=
2017,11,1,1903049393,1416209642,false,gYhpew4gnyjd8LxZr9uwmWUWMzLHazRYxB/3kGUn9BA=
2017,11,1,72945223,1914603129,true,yy0XU3A0Srh8y86UMHhjdCPG1vsEn7Mf5MSjAAaq1No=
2017,11,1,1139783208,1495213129,true,8KxZDQfbmwIIoni5KnPP34VUsxz4mq5MuvAe7KwPO2E=
2017,11,1,347217521,1651618526,false,ret4xRN7Qm5yyVc2Z1LI67SjT2SiJ/8yxRzKLxsR9rM=
2017,11,1,1577969362,945115113,true,aS0qYhCyGSKGHJbJKWMWr9BRjuFN0Kze4SNMR1CRwV0=
2017,11,1,2135694566,1380406486,true,Dz9GFQyfuLPQXl++TmPFq41lf1dqiJsNzaozBBXbitc=
2017,11,1,1587168606,1301509410,true,ebnRCkNwOJocqbCpmkLPrqrAfZO8wbVZU5aJKfRpmxQ=
2017,11,1,405909820,459438602,false,gochVihQtp4lcPVYFiEcQ1Y4eAoxYXE6HzRdPRTZvgM=
2017,11,1,426390439,972559435,false,zj9SjAXzPeklRwPASL43br8Jq5pj7Qg6HufLmdS8TjU=
2017,11,1,1866059840,1243846464,true,+tTsuLritjw8L4ayc4q9mbFJsBcUqnO1XiffZwgw3q8=
2017,11,1,722476124,2043576325,false,pj7sqnJ54ibRKXCbIUEFn43bIlfeXfs3+Gy88FkLxs8=
2017,11,1,1123669517,566373911,false,pY6M1QVIjJbjlrEE6cdKdli+sKCSluJRs0zin2L/vH8=
2017,11,1,420848459,613139061,false,hEPngvY46uiiH6USPq1fyVgyQSj4+gpc+Ek16nIfK4c=
2017,11,1,783572383,1769497532,false,b21YozzadP1hSxDE8UVswmAtckmN+BSYgrl3gCmtxA0=
2017,11,1,1778993585,1008446906,true,+j+d5eGr8mhSTWNwDyOuq16Ry1bDs8y1DAjHQ0FoKww=
2017,11,1,357981135,27223458,true,XrmPAgVNCxvPxHO7baI4ib87+YKOeaYz/l9mLsW7aww=
2017,11,1,1737510542,67302964,false,gJYGGHAjwGWf58BT50K/3b1vwrap7AfYvhfJUtQf6VY=
2017,11,1,656204480,837929668,false,BWFHMmxxgg2/doDRtd46pNxBcmnC5R7YKO4YbilVodA=
2017,11,1,1965104339,825975302,true,9KFQ8XqUu6TKzDPJSBGhC0jAr9ifQGN+gC2R8Ymp0oE=
2017,11,1,532100848,209972570,false,cH2k5uOJeVjqEQKxKmOvZAaaNBUI473elK+hoStIukA=
2017,11,1,916015752,1168633167,false,TdEhKXw1nYsrTn4EYbtDmwhx7Sps0QwtNxEa742aYLk=
2017,11,1,1204338500,1388851005,false,pW0tLHX+xop8EZVWFVRhDS3uwZO0msepfnxjMNXbM10=
2017,11,1,1258822887,1819867463,false,u67/RmuyV9/k/WnfxLK7egU375iIl7srhLUcD7h9v4E=
2017,11,1,1336757972,1302247205,true,06YsWnHXOhgeaGlpmgkwjALf5VyqVVMaTHFZoVgtZCM=
2017,11,1,1186579056,25123351,true,44JrPzWlXvr7KIO7Fi/zPurP6j5RFIG7isqfkXWSChc=
2017,11,1,1448756745,653186584,false,QwGcChMfBQCVsyUtnqGvlw3qgLOY68Xkm6vJaJACtuY=
2017,11,1,2013365642,2062396887,true,VPK3jmNkDDw8y7zdrkT06kZv25FdmR9gBwP1HAtEC6I=
2017,11,1,323074026,32895971,false,HBh6MlhoVmElf21ioo9le8MvsD8RMS7+tNepPwX5m9M=
2017,11,1,1444413209,435419352,false,yYN77JUbZg+P9cVmf32BymuGh8WDT1WdgerbeasjKjE=
2017,11,1,1297578894,57498440,false,W6pmtcGRemaCezYzZI/jiEJn1bPj967j8tsuBYF49aY=
2017,11,1,399249415,273811343,true,waeBxr/WBPAAKJPcT2Rdkwm5ZHpNGt/ftAbknlWt6tU=
2017,11,1,272109949,1775013844,false,wkGz6sGj6Ds0sYXEKO+mvK6yNBJbEUzTIXiSA+fQaBU=
2017,11,1,384823501,1803520712,true,JWm7xaZxPyZkY3VMdLmC6xXOWEvODmejmUxYgAFaFSc=
2017,11,1,1472146576,1156436497,false,uBvM/uZQKcEW2HzBIdpwOuCF/uu+l8nH8wySf+YAhKU=
2017,11,1,1935126512,2030490941,false,hLSF3RIEGanYrzKWnW0E0oTz1MgG6c2YXzpzhSSnnF8=
2017,11,1,173980490,524580057,false,LNlv2SQahmQ15bDqM07mmeNtPMn3jIlOH9Ag1mFzA/8=
2017,11,1,227331304,1915115131,false,p6WsURRAZRpOOXYms0V/bCG0LxxS1T5SQDpfgD3qaD8=
2017,11,1,1241421551,1536822933,true,RYMS3MjqkUZi6L5RTNswXCTZ0w7hUtG5vgfhflo+EQQ=
2017,11,1,1594519772,1923633765,true,Jvjr6bFrz/QUsxx0GZF+qi7RhdkhCPdEPk8JcCxnUp4=
2017,11,1,1020352213,800507766,false,9zG659OQwNC7FJjfyl+gFwf3qzsC2t4yIvISvZ0/INI=
2017,11,1,993584599,713076499,true,MRC3WNA2X5w+pfowWxDQn6OH28TONOynMF36hsqQCJc=
2017,11,1,1830273484,127100622,true,AO7c9FdDJanXlUMKA1QyaKNH6ufPC7CATQ46p4tCE6I=
2017,11,1,1407021057,864078522,true,kGaHt5GzYRD9jIlaZ22m5j0i8Q/5AcjNITG1JZGUE6o=
2017,11,1,589809786,2029750704,false,kjKJk/W6tNIdYkUaGSYGKnx/y+oTVyUHrOIH/U7r1Pk=
2017,11,1,2030890223,1169110059,false,dGsJMfq33kPGUgitYyel5M2qz1+ajzPfcMTDWOgAYzs=
2017,11,1,2111866892,120920887,false,Qpcj+J3dPk8ESBhM9bmbg7S3Qt6dFg6YfZLXhdCjqEo=
2017,11,1,1187761247,1915505234,false,pL2a3ZYSlMMxR+MfFLIPA3UUhrL84PgPLa8yFK13YWY=
2017,11,1,927617979,1340316013,true,++4+ciwWHeOnA0ZTA5v2gPPMHMwH0FiMTiQOS+3EZIE=
2017,11,1,198625077,1369604530,true,zrtL6cShW3LZmz9aDufDOhWJLblhrkHnDh6Fg/lI1Vk=
2017,11,1,1636083195,574141497,false,cqidOFEPTTs793fowdlgf/0priyWwCt/ZZVHeKHurK4=
2017,11,1,1004962035,1969331190,false,6is2wMGHs+2mq7PfyxkRgDbvWzDP7h4R/AugvT/V0P0=
2017,11,1,1895559810,579452921,false,t+wydfCC7gbi1Xdm+x72sjhS4GmiHq2fL1PEpF41sBE=
2017,11,1,1558246555,207081883,true,4i00LfL7sfE559EWiyq9DQ4r9yvG0nXxU13LAbAIwbc=
2017,11,1,199266928,2089962838,true,Eas0KA0NFkgK0yUo8H8iJXnvlcqRHAPTiQJ/jeYTGyU=
2017,11,1,842843208,146152210,false,+Jh1O0whO4DPMY/7l0YHXblu+4r0vTtgFi6Y8Zqc3vo=
2017,11,1,989849581,57470185,false,6JGh+qcbMeCIlWL6CkuROwgNKwI432zugJnNRO7M7pk=
2017,11,1,686597150,77571483,true,8BL+D7DybGWUMLtf/mUgKjEUy0iJAfXhW7WY6sdbQrY=
2017,11,1,1496711900,1881019767,true,aZLukb/Rfgn4B2rXGNk8EOvmVxqFDL/nQvfFolVoNSY=
2017,11,1,834277576,1039717207,true,cCu7q7U0S0LcYU1UBEH9rWpvdJ4T0dW27nKCsKq6CRc=
2017,11,1,287452803,1980633906,true,QtP6Ri5vY+2svACoGJahnBeoe0IcVzQ/Lu9ARZUWSr4=
2017,11,1,935109097,1121264258,false,r9OCPuJcryT3dBMsbSEIC+vgB4z4LY8YNO76U5wT/d0=
2017,11,1,1651477359,1962495177,false,SM1eLpl4GTHXc9yoiRQK/uWoeI/woOBY4nTKzWUWWsQ=
2017,11,1,1398163015,1342283249,true,VnSP1cNuaOTr4AikIS+UhqF+/lH6oqs9xUv9YSoQJlE=
2017,11,1,637839325,1360423086,true,InDrzjKRA6uVA5Evt01qK7KLQ9V1oop6VnviPWsNBOY=
2017,11,1,1688979149,1579697763,false,EU7ciy/bMsiiqccftz/wjYHtW/ubBMxOy8dko2oqDTw=
2017,11,1,341389012,836408003,false,cr3kRcj8G9qzjIg4zLJOW3Dkplu804f6chRS/+gzrvw=
2017,11,1,2090766598,1580685236,true,GxgRrWHgBzB9JJEFK69p26UhItfrcwWkESbLspEsBhE=
2017,11,1,1327064515,2049306950,false,WUb0v/xNW9l6W+55g0TlByVqwQhFxEtlbpza2MKc7Rs=
2017,11,1,1851614123,1130520040,true,6OX+TY6kn10Zdgrl7ODx4P1V4zhoYqDcATwQpeXCpQg=
2017,11,1,1946661956,2005489989,false,1jyzQIldmv4HVvDiXetOp6AI4bxmaTQlGWU4gEqcf90=
2017,11,1,1537678912,738110871,false,vDmRxVDD8g2KDsoCyScqmlFHqJL/UrLBj8LaoiFzL94=
2017,11,1,1540165854,2000675404,true,vrNm2jqjJaQ6uZsFCflkjnnpbVH+bj8CkGSGMZXD5xI=
2017,11,1,466818649,1515926288,false,lEsjrAJ1NlnpV8s0m+uikfkeIxSf5UShrUliYUh4bwg=
2017,11,1,810010955,743016244,false,70kZslsbUywq92CTxcMx0998ifGGWfYVfHdGDLasQjI=
2017,11,1,180968606,1781990755,true,oxf7gsOOnVJCz9b7JIMygrmIlcbZ7InxyvLhJaTYIJ4=
2017,11,1,1270657673,780833014,true,WhOStR5mJAMJ8LnVOUtTmchGe1ZwjZM9QdHaJL0yF5c=
2017,11,1,870846872,1846317134,true,F1pNTdE/eTU35jGe0809ErBqIkaCZrFgCXy5rjECreY=
2017,11,1,1694073436,1003917744,false,s28tt6MUl51tDdRFEWhWBm7SKpeJP8tJ2EBL1ezQOsk=
2017,11,1,97220137,1368186401,false,XqG/653H8hLD1364U6ItEnfofYICwCAwI982NxrghGo=
2017,11,1,655723078,43451125,true,odnWSoibEl81+lXB4h7VAA3lqcudNUxx7gaQvWGGIPk=
2017,11,1,728114140,1613944525,false,hQ5pWtx/YOWBwmsjo0Vz/rG9MlInTLRMcTmJw6P31gk=
2017,11,1,2041397202,281975800,false,FpFwBmkgYp3EvMuJgDW43RpeqgUgKPREzlCNZnYv0Dc=
2017,11,1,822433339,1083752547,true,Cj2CWJdEm+NWh0BWRUoy9cfX47N4IrkG/qu68BoZvGw=
2017,11,1,1974499808,1821659967,true,FV3zwZ0cKZD6TBFKuckyeHf6S6fdK22aeCFTYlEO8jw=
2017,11,1,1821757103,385743072,false,UvGgQ4XGS5SS/18i0t9YWOFYwc2WwHPReUObAqS8bGU=
2017,11,1,1391499024,1192343877,false,gIqQekFn39C0J7UTgm/AC3flVMqc4RjAM/1Da1RhCyQ=
2017,11,1,1946651747,1020268206,false,eUb0fY+0WOoVEi8iWj9QJJWJQkM+HJ/QpCX0Eju+LQs=
2017,11,1,647293350,1970471141,true,AvYJ4WuDpM/PkNDQi4TiHTMfhdRcuzmYRVtjtoMtds4=
2017,11,1,996228318,379875674,true,0R/UPOOH4pzjek0jRvHPpZXDMj+xd4n/+BiauJ5idN8=
2017,11,1,936437101,805570697,false,8XHlMwGLu3PfiI4mlEzqeVX7sp6fqApYUs2hrPf2GK4=
2017,11,1,2057859358,1086108260,false,8MvZLlAa8OXh/40jDqw7EHcanOHEzHY6KMXrhf6rZp0=
2017,11,1,63926574,277179033,false,owMiIkMvbc6siBktHpDzKPkLHBWnCR+Lto9Xs3UyCXw=
2017,11,1,1303403350,1129485648,false,XZXEr2Mem9nOtOXoGHFcSOzw4Z4HOmt8UIUMNLf3eKU=
2017,11,1,1746341079,1484696648,false,YcfeWYEYpJKcwdsyU+JpSiWb0JLeQEIctMW0w9dnlxY=
2017,11,1,1506669880,1434282508,false,02QovsT3MVnzxHrMYkRxAQK4g1iwnCeZupuRuPzWglI=
2017,11,1,466308369,2051058439,false,SjcBCFZpuuLH85Y6NaXfevoJba5MteuO5jSodZtrBdk=
2017,11,1,332677609,440564463,false,QtttMUUgYk4OioB6gXTQ/BfZn9H+Knn6+JZ0hAjmri8=
2017,11,1,1792480380,1530731234,true,/l5bLpVviI5zc4OTSchhLlXLfNNcZsDTZKSQUlytpCU=
2017,11,1,1877995843,1195107491,true,4vC61AR9yKhAFp7uAV4nK85vycglPjj1f9gYfu0F1PM=
2017,11,1,83571344,284177109,true,PPevxNetkbcz+1mFxY6tohOGRwW7Lw+dVnQO0+jR6EQ=
2017,11,1,291276590,2098936762,true,/jSJ7EkVoc1c03aBCHqAgKnAPCY6jFGk7z4gTva+gl8=
2017,11,1,1907053673,278845969,true,YPtBUW58yNhvN4197B38lowLNhdEvsazysRARWwYTYU=
2017,11,1,157013524,1321013933,false,qLVr1wAQcUk0RVxthxNZb1aIMM8ufyqAdMjPHAQMUHo=
2017,11,1,1671329229,1352253424,true,4wbh6aXPg8UqqqWvl6sSMTZS4NyhXS1ohuY2KWkbwoQ=
2017,11,1,1239992475,611286024,false,/QXwZKyqb87RXy+Z1hQqahdJlHv5DDyLvz/S5q70EpU=
2017,11,1,1463805908,646079813,false,sbaL/mp7yzqNvRsNIR9fG153ng+on+P7iXdyqtOWwbQ=
2017,11,1,1299494413,1319760663,true,gvaGNIXYyedItL7LIVGSy/7rMKs2apKLC5Z1KYG67YA=
2017,11,1,414728034,1076711935,true,TeZAgmXoWKjOVyqgwm8sIcPb444/CGj+nJIsQYlyuMk=
2017,11,1,496368536,146188978,true,ezPoOb+hmkW6oG2S+J0ey+6wGU84SRx035dpoLFR6KY=
2017,11,1,2113990979,1697345511,true,mnCAPTfkLVHppGbBm0qWmoMZIOX3HXClRDDkgbty1vA=
2017,11,1,1772336353,1649237826,true,zCc1uR6CQbl/wrfMysA3TJlNQTgs/RP1gBzdADVG/pw=
2017,11,1,843777322,1586511605,false,ffE5GagS4pCV6H9en7o/6XXwU0nsWwXZm0JBaY7xHa8=
2017,11,1,172579908,86124429,true,cxrqlCs3DvcOFHXsJ8iFNQibPgg+r7JQdVIJUMjPqJ8=
2017,11,1,1209467279,1369540426,true,PZmQAwevM15n7NEgk99JLZfmQMd+xPso/fqvJTn4Dew=
2017,11,1,1106223730,1078275930,false,AlAe+ZU1f/G7pjZc04EErP8bogEyR/dWLz8g/xOBC8w=
2017,11,1,1266020559,664728582,true,W41W9CPrrO/DRV98jIE5mF4Ql1VrhXiDakPS/daqeAE=
2017,11,1,451127803,2093805545,true,Fx8pKq2t9ebkVrv41hObIk50NW+TsD9MBFjxj8PH/CM=
2017,11,1,1195687813,1685429812,false,Oewy/JAfyAAK92OEiEN2KexiDvOuH9HkRT8r4R0rsyk=
2017,11,1,527085426,196118283,true,gvJ0bjW6jcHt8jm5Irc0rS9kMcaFsQQ9Q2maY2iIvv4=
2017,11,1,736070830,1537710660,false,beBmWoX6j9z+AkNx58J41vTW3U0iwfJOoaQyTECRHYA=
2017,11,1,452747144,336217312,true,yLRznCkGAvOn/LNMcARNRNyevRWjXVCZCMOKjKFJLtg=
2017,11,1,4968788,1230928599,false,G8lTcGCillfxue1qYpGOhn6O7rPCK0prqDA+OQR94XU=
2017,11,1,458772736,206158319,true,iCf3FS6vL7f7TQcR0NRJmtP1IulUbj2zjArPKWQb3qw=
2017,11,1,329208319,1939046431,false,CQhjA9c1/sFcBuGP4TJFaavgqmDbSWpaUJwO3IqWAM8=
2017,11,1,15786520,1939617003,true,OL56+vqd5a5Y1tW2ohiit9bGAIBXKiwxccti39mVk44=
2017,11,1,405344339,2065477811,true,6iJWp3b7rvkWBEZWF5PmAptkPBhIpswTRtdLAQ/BOzo=
2017,11,1,607649395,130950638,true,V4/Ys5kOEKFOb/71fyVQYwFwendEvCWOU8O3cq8iYeM=
2017,11,1,1298510272,1125022781,false,bgljcCbQnYHLn86fOoXtqv55BdrhuG/hk4lZjlPWhSg=
2017,11,1,1716593830,1495423481,false,X6oRf5YsflRDOIJlLn4HNDBVOiHefxizhWzYdVzQXOc=
2017,11,1,623372031,1373410745,true,kc4muM4Q96fEzlCPI4Fh5Ap61+ry9ehTgHGEdl0Qvlc=
2017,11,1,1795031373,1891493976,true,d6ddECCmX/1++jwURBUbgZq0bsTmIiS/8heJ6x3hVmM=
2017,11,1,544222102,209656210,true,KjnDlvlcHmjWq9FOXuSNMR8Y13owr4RbbcDqHYc4Ny4=
2017,11,1,902054187,1288400290,true,vct2iiAbm9bZM/1C9KMOJlFOny/QMnl+wMEYlN9oACU=
2017,11,1,745717727,1256427170,false,qyhLHIYgdS+LhrAv+cqM2p3VyFeviPQMDbkDSdD8EkM=
2017,11,1,133068766,1996424145,false,Tlc9QolHv5QC2pgDLo0Tr8+YWH7h84XS/LxmR23bw28=
2017,11,1,75054467,1581096409,false,onmVfJ76OnmIFSfJaouYYYNM4q/gOGiIK0OZzx8p7pc=
2017,11,1,685363404,177707387,true,HRRZh/ueEtbwruUT1spDz2TC7EZhueAoXojYn5dbSPU=
2017,11,1,1890960128,1594781782,false,NBk4k/YMtPBDVkE9OKxKkK3Alc34ZFwbV+5MV826dhM=
2017,11,1,196498312,138050099,true,+7ng7KFPEnk9nj+72E1Ywa4NKumw8fJcaKBPwEBFCcA=
2017,11,1,1544435245,2008870552,true,9dyeVfw6a1MIl97mPHU9gCNkO7nm+eI6+mnOgvXdRG4=
2017,11,1,560569910,453970222,true,KBI/sutGlt/Puoo739pDyitOTwdN7DKBTUA9UoR3VjI=
2017,11,1,2023746306,733649428,true,E+xIyPxF5WO7sSdqvGTpFgyF2Ca2C7kfGxpdzqtqY30=
2017,11,1,1039841983,115854786,true,OvwN+ACidddvhw8AHtSk9nMJP+09g/jG8lusP+LWZX8=
2017,11,1,961468993,2036720034,true,VQvi7D0D6w6QWV1z/7fbAPN9gZtRHmW61eIiVC+zyas=
2017,11,1,1342014964,218995609,true,M4jAoyWDm2KmXotetzsYSFZ5fEy/CjAkoJLgzz8Q+RI=
2017,11,1,808159395,583907465,false,Vwg8LeJ5YsC/9uQmF3mYhbUqH/zKtIb+JiXnIQotq2I=
2017,11,1,217432718,867708686,true,a9t704bN+n+sLTcNQ8f3G+daDKbl9vJNBDDjklsMlKY=
2017,11,1,1882755231,1031988015,false,XWyOzTUA2j2xT2M72juHhCdv7hcj/GVEx2s5hiqHfYE=
2017,11,1,1774794952,1068967068,false,vaAk8HjV96EGReXgLt2q1+SuWbYD3DgduNkbDERxDQo=
2017,11,1,1900034230,1100669576,true,ZQZlEgQ91CFWgcJtgRy8hZaRn+n7t+H3H6cEBhFufMk=
2017,11,1,1711895173,1688965808,false,+vCGqnvTGmKa5Bic032wMaD2ntHyq0D+xRGqZdCuj9w=
2017,11,1,1240845149,39196394,false,LF9fZcKZC/7QM1252AtqklXaujCcwfmgyIVK0kLCkgQ=
2017,11,1,942567091,1943531485,true,+2orZ1CDtgVLxhF8hp7b1FxGSugK7QrSvogLxHy7kNk=
2017,11,1,1886301738,1954387992,true,hU1XWAu4nKaDlu8XLsCkgIt8iiwryg2j9V1hzZ2hohg=
2017,11,1,1808625161,447317453,false,BXio6UO1BxuPAMVxmt2hgAUNrOwzMT9rRHWdQ/iYGZ4=
2017,11,1,1517155022,222348747,false,t56oCWzhH3dLXOdk56BcefzKBmPlNbEHYhLCXBED2B4=
2017,11,1,2022908135,1934147835,false,Y0VRL7x53Bvhv8mr0hgppOk4/LprwyOjfFDWotlWX9E=
2017,11,1,956325849,771661488,false,D8kUVZZEJDJJOrKdWNoIpO1Um6s6D2KdJH68kzR/gE8=
2017,11,1,329877950,377460766,true,76h+AhtcvjMYeTSfN+aWGyDWhB1Y+K570nmFFY5qHPg=
2017,11,1,107748719,654848512,true,VEvxXwVbcVAQCEtGfw6lpO+9c4kTDeLWP5+yHhBEU4k=
2017,11,1,137494615,1823077442,false,DYomIhNWhUmTrpPGU84md+6NIpWL/XEjbS9adrCr91M=
2017,11,1,1600541946,1540097394,true,gq29NJfhcWaUTcOtj0IagTwggNv3FWSlkO+Zxgey0Gs=
2017,11,1,115408302,2093614374,false,9oXvpvTyXgvjrPf3n2gh0Fi32nz5JjsPwVTr/OgGGEg=
2017,11,1,764449803,1696181374,true,OKDJkFvUB0Cbv3x39eRSikzkdMV3coHGp/OaKGnAqVw=
2017,11,1,872271358,579896758,true,tDJmlEKYmMn/Nu8QES3sQPOD/bl+pWJn9r8B0gWAM6c=
2017,11,1,635152122,2082685291,false,OV0L6QRRP1GaL+25W2dD2w30loupK/A9oggonBJJZRo=
2017,11,1,1667048152,1445312317,true,522DYTBc9UD4GpQKg/Yj3iFVfpOLbNjF3LhuXdLIXJc=
2017,11,1,1671198503,585829761,true,P9aAZMVih97BlwyMd0ubsv7/5yE/V3teriYCNebFqAA=
2017,11,1,2008983555,1257385331,false,hI1Y47Uo+l94D28PlNWFDgtFLIBrnoVNbeRMZN85YKY=
2017,11,1,283048858,456368202,false,HUtI6KcUUUdJKfjsFvbmyh1WAPRE0JnMHhiPxnRr4hU=
2017,11,1,879217828,1629314518,true,99yz7E6Z8Seq4F0x467Zp5tA/Ptlr9L64GPNHaqZKAk=
2017,11,1,1419740654,1190662949,false,MRyxXYVgajB2Lj1TvhmfYxN3xaZ++iwqZdEGdOGJpxY=
2017,11,1,1375275237,863092292,true,O9W3YR2vmtl0IDsurNQXPCBk4KN7Fm2nPEE++s3xuWc=
2017,11,1,857136880,1295018095,true,Dd/ej4I9zZsTilW/2iuPQv3v69gxa+lUrX+C+qOnmiY=
2017,11,1,2129847996,1707189444,false,0wrs3fYOn4fIrzxXWscrwxN5c1HLe/4ziNTRGPFHRwk=
2017,11,1,1190850909,1745894284,true,KnjSICcORqsJta9fJQdRb/ep1OEZv5Jr/Z9q3rayhVg=
2017,11,1,1617153540,2020702160,false,mv6pNVm1uYt3onUG1oRJ2BWH+d9xPICxoccxsGz68BA=
2017,11,1,80332170,778667577,false,3OhpxvvVO/sORteKngwK4Tf8Wfgydm8sLSAc1XCTRqk=
2017,11,1,1711978383,971157180,true,cFP4t6MCGVd/IIX0PmB57C76ytzfxXA6oZP9fHoThJM=
2017,11,1,455051183,305011240,false,4ME2unwZEGQzKuZCvkrLJfrZhnK04qlxwITxM4ht90o=
2017,11,1,438794590,1348573666,true,RlfoE2cI6yrcku+mryrOpOYV6ry5CTSUDJP+Qiobzm4=
2017,11,1,1988760693,905204096,true,LORE/da6e446lujwxFj4iB5HMgbxP9qknxQG5vtOY44=
2017,11,1,1055617672,672236762,false,KxYCbyYoUF/QBS9PC5BV6/+l4Tz/It9w7C2Xbt6em0c=
2017,11,1,505691125,863271319,true,L6hSsdSiSYjm4sV5TDs0z4bl78ow8xfL8hZkQxxeW5w=
2017,11,1,1313657688,1767742534,false,D9iTbq9SEfrVW1vprtyB4yuGqnMdUNOVpg81rxWZa74=
2017,11,1,605972359,1113309179,true,aQz7VoirkfJDF8yZcJJTiHosOefND2MvgNMfM0OFG0s=
2017,11,1,66305655,1478616599,true,3mrEMkGdhaBf09FzkYQBowilGkJkbQdyKoHdPyneaPo=
2017,11,1,464031341,48719448,false,/lb+ehhtiCsiwGOYz4BtSm7zwk2wQ2DW37P04pRqiOU=
2017,11,1,1874933372,667953879,false,4vhbi7KzBJlnRKqfiepB93yewbhvZ+jvVVk46AcREfk=
2017,11,1,1139358396,1341573240,true,XqcE0uiP/+U2d1ORqx64SxDfhD1eb5q/pvpOGsNxt80=
2017,11,1,821601493,1639628548,true,zF8zetrgWwbuOGJqzl614lxF3/H/hOzKdHy+7UGe244=
2017,11,1,840321069,914360884,false,sh16LR1EQoGeEoODd3E6J2dgVv/fhLUXPlbkCdN1sH4=
2017,11,1,1671631385,909009130,false,qXhURwvdPbixRU/W60tNWVbmmoqSDdqGblI88AEGDIM=
2017,11,1,1076782336,1930163030,false,z3i+yMAl2Rk/YcJXOoUrXMjb68phdauvEtAgepn3c2E=
2017,11,1,414830317,2050335662,false,6ka+brDqyL6HjMm4KFqdAcycUbNn2I0K0j0fFNyAA7g=
2017,11,1,1026982232,656368643,true,XRlDn72ZST6lCQuykKe7qAv34tfn0qogxkA81cq77uk=
2017,11,1,2003077779,1647098791,false,xKDsxvCPcXDX2GvS2E2rXOs/RxLUi5DJBq6ncA++PUo=
2017,11,1,37398212,1208800512,false,+aKSigckmcWR1wRg56GOheOkpujvfUj3SunPkRLJwG8=
2017,11,1,311162886,1799633496,true,HZwd9bBybKO3xJzNgfWk/JXIxKWV8Q5+lYUqcfJJyUs=
2017,11,1,1250646154,506071970,false,WbZaLISRIHStod7QVt6Is6/EzCS6zorBP1/pvCGKne0=
2017,11,1,844595208,1790008759,true,tmvZE5JqA3WhDzD8Z7pyhYWedsURRyHe+xsVCLTQ0KE=
2017,11,1,330389919,656387357,true,Rg7In18gKRLCBQ25phvdG6SFfpg5V3zdy1ADfIyH9cY=
2017,11,1,175359729,241658443,true,ZVQQ7ntZQiZyH9CFeSimPqytIUwk6Q2Qqm9w8CnLpyQ=
2017,11,1,1555630649,1972510510,false,6O3wmocvt6YIK0HqfX24WHxDKrpgj7hf14NWg7Gr4wQ=
2017,11,1,2076305826,1631038186,false,BchC1QgdSoOJGiOwheWTEIlJagSh3A/eWOpXuVmLW6M=
2017,11,1,242153170,826497231,true,mVMz9F+E39+veBNNCdi7iFz26DxND1o8DxLkdtaO0Iw=
2017,11,1,539044816,1335257437,false,H3jJ6VTIvrd6kEjjwQhOY7ZkazYc6gbKXSPAVMkKrv0=
2017,11,1,1959915172,1472366807,true,fqNmzdw7aIMrAmxi2lQtUa6SeE7DKQGZeiJ9oblfyLc=
2017,11,1,1376601380,369306584,false,byNLsXkrkdObgNEHppbLBA3qgLOY68Xkm6vJaJACtuY=
2017,11,1,1473972111,1853523841,true,HOjJC0kp6GsiBBc8LRJYNZAVaPmcvfjt4lNW1jNGrXs=
2017,11,1,1482326766,478928793,false,nUfJmHO84HbxNdX1QLwdAKsImbsSfpcIxJ4xE/wZd2Y=
2017,11,1,728441746,73774315,false,uNS4xtzgIJBrt7g48JV1Fenhf3DGZrVV96T00I+vwl8=
2017,11,1,1711519237,237609059,false,W+lTXe25iWpxLf3mOSEgpuMJAHwx+TN3jwSHOLTiLyk=
2017,11,1,1319994131,185772260,true,PREcrgUEWD+5Q2AkocvnifuEE1YuUCTX0nTdmjFxLSw=
2017,11,1,1754556769,1667673568,true,kCfzPubZELFc7C+RbfzM2TVM06jZuiQq9OVLYdPBd0w=
2017,11,1,1289111280,376664786,false,aecRKu/O57skfGpGTFajwnMJP+09g/jG8lusP+LWZX8=
2017,11,1,1904441810,881195297,false,kns3ZBl0fwDkPZ2Ru22wMgwT31pPmpF20aV4iZcVRQ8=
2017,11,1,1663898366,1236924844,true,8jnqehdQT1DGICftHVhBoFPkS6BCCWCWqTEQnEk8wEE=
2017,11,1,1639487808,1940630659,false,+RNl+E5yNKX6M2N3Qr4ep+7D49X3idYRpYMvyFyRbA8=
2017,11,1,1432138678,1126480453,true,0C+FRSYiuU4YjhOGAmNSN96/HdW5yxjMwbbE1gXS198=
2017,11,1,280524174,1136400101,true,ZHTMM1VLrHkcVf8Wg9P73SPUcX0qeNerg5yCJVKh1I4=
2017,11,1,1925594154,812250178,true,RVwfVQdP438bJXCmD0iY4YAac++y70Z8ZDHb5ufSiE8=
2017,11,1,22948391,1991469818,false,x8WtVcNNp55W29HP67BJCOJJshKRzcMayELsB5tFssY=
2017,11,1,1966627011,1507167449,false,utjdZEqRbfuC9rws3UtIj6oNcFARhZi9TIp0pqQ+41E=
2017,11,1,315333162,1442496923,true,oa8l/0GLqNgb60OBIk4cVCMGzZrLGnFs7JZgTiE3w9Q=
2017,11,1,885691989,1552243541,true,/WujMz8CEhW7MloArtmt3ID+hd+l+DdRzShMnlpmyH8=
2017,11,1,201591186,292631001,false,BkW+3tE0cKJEboG0IDbGjEIJLpKoZNx19tE2FYabXDg=
2017,11,1,246597446,1876795422,false,LPJFIybc79sH9m/NEaKxwJ4NEipqtNoGEJ3dWypDA2o=
2017,11,1,1347429597,366212490,false,khHnriPaAcGtqlYnzPEAhcEtHgTFFIbPY1YwcrDzDeQ=
2017,11,1,704572420,658892059,true,26LliWk2SWeTzeIPjaFBq3y0H3pESexhq2IUvTlI8GA=
2017,11,1,863495770,401348234,false,f6MxGeRtC9G2zj5zya/eNH/06PvbHLQbIs/tfvy5hTY=
2017,11,1,1628282169,198478825,true,QzUbrdInqSTrmNhtL/cbWN9y8/3muGXixt4YqTJWl8Y=
2017,11,1,980937053,201042974,false,w5s9lkdehUo/GZy3J34Dp8CeCG0ZZqw39NTQYyBqzEE=
2017,11,1,1917088834,786725309,false,tZkYqX1lOJumqPnWPN1CjRE4KcKtfhizt7ZwA7VgMnA=
2017,11,1,434861099,1147395651,true,mC4lYrPNQy8sAqb0BLZ+VXT+4P/iHuh0JsotaGmnXAk=
2017,11,1,1304165942,1912359556,false,/Rd+XAsv/YAQ4GxArnzXAqLA6gm9qOIVcqV2xCZUnKM=
2017,11,1,912732344,1635833482,false,FRgZOBrmxukUXXavva6FmrA1KcrYtu1KNf3MRTL3rVs=
2017,11,1,1237914067,1148229266,true,VFTE8fkXC/JCJZxiGHJGIAP8h46ZnQyMk8gQanmOPAs=
2017,11,1,31780622,2081201371,true,bmLr5ZSyObJngIiq8uKdvdt7UMTLu3z+lEDKOonK0Kw=
2017,11,1,1644745492,678325518,false,NolSOfjWYX6IOHXX1KBtne64m2vfse2ISs1P+ba9axo=
2017,11,1,1977831373,1060156837,true,wqMP7OJ6DK5eBzqubPXXoGqRsite/uFh+N+NrwtxTtY=
2017,11,1,89268219,203662830,false,jTeSW4MpdBXhcT1/4hXSg2jWyt9uSxNFcDaPCELpWwo=
2017,11,1,1617787427,2117963148,true,zzp/TeC1KC66Ts/Ts2biR8bIyh4xIXeDRixxkSBQZ+Q=
2017,11,1,489591008,693926559,false,05x0JDhgYqX1txS0QAUCOv7e4OoXJvVrY7lRwHvm/nY=
2017,11,1,365528324,1916986567,false,Z+77nNg8W2KqSsmzg5+YZLLyNujTxBaaxNYnJeUVFZE=
2017,11,1,46550468,1929804677,false,rv5nQgmSkHhOyS+u70yU6GuewgFOjc2JhGLn5thmwD0=
2017,11,1,363666890,1433826075,true,A7ILk+4rUAy1FcSJFCcipIQUzl0U+bF26ioouQVQKRk=
2017,11,1,967971013,1101684515,false,q1EMCYiFk8yhShTsO1KrJsu8tdPyI6PbwSI33pnh8xQ=
2017,11,1,1596967679,1179346293,false,PqdrmrWJWLLGWCJeB/P1CsGzGqGx0Xp9wGl2i9jKPEw=
2017,11,1,1576193485,1958399296,true,kAc3I4AGIKpIuz5wJ1nNa6RXM98KRBWRWP8//0QtxMw=
2017,11,1,1083899555,1747044256,true,Fs6JPI2hZIFO57W9Vmi84iJM2qYTPPpOZvi7sRsP0uc=
2017,11,1,1362590081,204472333,false,v9GxVQa8d0s57ZgZODsYsW2vVGe5ICNLDDRhM7ElD5c=
2017,11,1,1422353622,1435742086,true,YrPd0zM541lP7iwor2FbetWgBaIoD0bn/nUSUwkPpJI=
2017,11,1,764361589,825056327,true,UuxjGl+13rWmAW2FyUHr6bvN6HXR77/gR7+Y9AHn2qY=
2017,11,1,756413486,2102390641,true,K4RNDZeghdJtoVVn4bgOihiawK/3gMML5YBtaPwa2yg=
2017,11,1,129441895,642809445,false,zh2xk6YU3QSNSBNywy93pBNNVBrik4wTjdu98p9aGvk=
2017,11,1,492616504,1473978629,false,hmrMVA9kMJljz5BIYZHaDPBvbjPvsIu9I9fz8ziefrI=
2017,11,1,946927726,495600086,true,0zzBrVGTH/7w6/vyMk8eCYSDxVv4OJHcTTaBbzbh1/c=
2017,11,1,1877470757,839231090,true,7VrFMrzKh0rx9GW6kU5+EzBgQ1cIHDoBwUm1bJMaIxA=
2017,11,1,454995387,908052697,false,4b8sFjQK5bxt1I3EoILjH81KqIq+wFBVyHZaqvlEBDw=
2017,11,1,574088925,1263376565,false,py3mXu8nu2pZCR9Yl4YSAHJz304ae4Y6o8x4mUt+rUs=
2017,11,1,5036117,1988752927,false,N6xfPbgb/JRgqdYwzBTf62d3BNiBHLgfMnVlNLcA518=
2017,11,1,1737577042,334975292,true,sCuF+hrwlaJy8GL14+iZ3VXch1fhP6FoXtGFWKp+Q0o=
2017,11,1,208888180,1181916774,true,m1jTAQ1Lg9EAG/EveMBx0EVa5fAV01nlwWt8U3tvqRI=
2017,11,1,645510555,1066598018,false,gQaoioFoktXM3trgqXDznDKjwOzLL17tJisHQcu8N2U=
2017,11,1,1906570776,1572811551,false,Glm3K5YxazaJSRoL+grl2sbdMWD9lpr0zfFRcIF3pnc=
2017,11,1,1626857417,1087164201,false,C/LCYjkqEz4JOtGgJPfz5VFZXdMw7HUEjHu2jd2aGKc=
2017,11,1,1257662483,849384953,false,hiDlzXrHdE+vqwYtVCaBZEL6cqfaQ8VxDsj7nKuecKM=
2017,11,1,625950431,845461570,true,IoUizUl5JJBfkZrUW6N/D5Ge65OtWqUThgvbjaJcuFw=
2017,11,1,1000457483,1382225208,false,XzEyMa5dtSFo5iMPvaFVjcIixx3OGJdq7VPY3It/PN8=
2017,11,1,318459620,1290609229,true,jhXc2F0LzG52glf5GpOhRbj9Uk+1ei8UlFwVelWAl2c=
2017,11,1,1821890595,1561616735,false,uUDOZE6fIIpG0iDMJqfYHomCWtQwNWFgODsAwGXIHk8=
2017,11,1,1784442865,1302226529,true,06YsWnHXOhgeaGlpmgkwjCQGN16Bu7MSWo7SL9JTIAY=
2017,11,1,783381891,1921919402,true,bURXiUeviNMRCEI5LfenW0NjsjiCqnnnPSr6skzC/fQ=
2017,11,1,1789507930,2099495037,true,JMoUvGyoAdBUgK+TXmkVeDYU9Apq92yvb7J3Djc2c2I=
2017,11,1,1056210573,1035198414,false,TIppdvJ5K0b01wxCj5ph+llDO8x17BGq7tfiBUtsz3k=
2017,11,1,1888274596,1479446602,false,n46xM/7peY70TV1CR03LRo04ttShiuv9OSFHzsiAZgU=
2017,11,1,152077577,982843377,true,FQ/5mk+R18NM7y53TCeWYmrnv1S3pBDk9ugYEhnGShU=
2017,11,1,752084975,1259267171,true,gk9CylFlBFqvm7CtHmK9F/gl+RkdILomFjGdy23R0Mc=
2017,11,1,332966528,374782190,true,cbDV2+Xzr1trmnDtDJh0se0VuKzTCuNtiQSiJMMfCXQ=
2017,11,1,1026592367,885303202,false,uXf5dWoX9izF2nj5NznZwzxiRTaz57q7g8pQ3Gk58Bo=
2017,11,1,2060267188,2144288514,true,TmaLJ7SyX2s9zA+7JSXLF8asNG4+v/VXsJ7tmECuz4c=
2017,11,1,2009529542,625430379,false,Ag5174PoywQZm2MNolNlGARmXRgB7A5fA6Ojtf3lNXk=
2017,11,1,1527569063,1621693785,true,+wRVS19nFG9j8AWB4Fe6BlrwNrgCUVoEoyo8iRK+beo=
2017,11,1,1766571786,1784625901,false,Xt8qPHgxHFjrwLXicfqgs0OoXVzwHqkeBoVXX7rAXMU=
2017,11,1,1548924916,1117475139,true,QWAyBJynF0fFPAYBDn3CPcBPw0acaHMNNcNMxxkxuZU=
2017,11,1,1570725432,370680836,false,6M9jTjo3YZzk2GT9Qzzi4RqcPjw0+/oLUrszAt44ciY=
2017,11,1,901631916,834413743,true,FbnAvVz8QggOiWmcfHLI6OpfMSenzOj3Ei2il8JxchY=
2017,11,1,852880423,765957724,true,oyx/irEPmEEJus1mEVPEfuJKiMAkrFkSgIkOLTzxj2Q=
2017,11,1,554919757,194975882,true,85IXmRzodbZup7ThEbUbOw9N9b/PgabnRgOY6t8viGM=
2017,11,1,931948846,759562422,true,e1a6Bg5tsqUnAxnksep/YHA+E4QObmtA4YT25m4Xi7E=
2017,11,1,1960847903,257815746,true,PUpcxAWGa+MKONEnb/GQFDpM7tIGqe3xgJiDwyATDzk=
2017,11,1,1346555986,1388555906,false,1TeV4ly61f6FiJN32uMABd6sKWaXwFJJLNt6G2DldtI=
2017,11,1,1665395549,1747518275,true,KDCfK6dDrhTq4G1TUYe52V/K6a8SsF5tK+lQGuM0g60=
2017,11,1,841093608,1750232021,true,FKU+aZAVyhQSiQMpbu8AlJtVT2c/rt30s+Quyy6+DaI=
2017,11,1,1894285268,1297787160,false,LGFAdX5BX/o3uG/75A61qnYOfANHv1jCPFdv6ZiOjAM=
2017,11,1,347943609,799367494,true,Dd1DvrO0FHyYEkrB2CO21TlueU61NmUOrtZiIQLkigQ=
2017,11,1,286512169,1815877294,true,WEhvCqLpIuRxbAg9AHiG8joHuBb/ev2l1K87G6AlVE8=
2017,11,1,1111467196,1850991329,true,nFXVSPdrYv/6Cu47Dn3laAmAeyGnlHXoA8+q0ECQ520=
2017,11,1,1051205577,207231801,true,kWGBve7mlR22aD+djyanyGSACOnPvliQfhRlmONqemo=
2017,11,1,1817094351,94960036,true,P3nWX/7QvHipkeqSOVxFNpAonBOUxakZeD31EKqE8aY=
2017,11,1,531270316,1714408461,true,e6FSIyh/heR9sh0iXqsTK+sIOcmWhLP+68niqfcfi+I=
2017,11,1,1679735620,491923615,false,ON/oH+wfQEtU9NR/j0Lm1vkB/md+f+oWqjxc9Taw9W8=
2017,11,1,475159281,2141161704,true,P7SbuKVnHq77DQjVkmgmkWfyleDSeT+0BNk+M7pjRHY=
2017,11,1,1777955544,1833282354,false,b/rjQA3RmVtWQu/X2DQuTvFOZSblbkzxcffhF0oPxpY=
2017,11,1,492073634,857610752,false,y8B9cGh7GaMmNkfjdJSShDY+fIuJwUoqFIkZ4acMVcQ=
2017,11,1,555751954,1299627093,true,LP1Hy9V6xT1V8g+V+wwbjR5qEobv99+DIeGssudzDTI=
2017,11,1,498660575,662052266,false,MknggdMA9s54N1va/0xItWOe43ovgjColxJoK8J86vw=
2017,11,1,2025083092,1661183448,false,GTXyn8vuL132MrAas0MNmNRsoYrxMA7VKQebw4OJjIc=
2017,11,1,600038766,1797986715,true,nl6qGNX5oh+rd4Ozq7sp45BrafDh58GAi5pIvJP6+AM=
2017,11,1,774078086,749807247,true,AdP5QvB+VlUpRTXVBlfDn65Hh9JLz+/y+TJbxC4MedQ=
2017,11,1,608029286,1014309080,true,GSGRfBJWLpj/CtdBQmshBogX1nPNaFChMsStNS3qICE=
2017,11,1,1599919532,1974496881,true,x/KQbMyDM++t6r5ScutB3Aa3eLts4zfG6QHZjP5oBZw=
2017,11,1,2146968038,1333944520,false,0Hx93IYjx6+PZrH4WK4ZxFXUzAwWryJGi/1urBuHPDg=
2017,11,1,1228118899,2072446965,true,7GiDU5+JXRN799Jgm54478FJQ7S8WWKu+eeLI1XwogA=
2017,11,1,798864894,282792848,true,czhm9lFkpMvc1FtCYb2LhiTbQwkUDzBRPthJrMxyfeY=
2017,11,1,1716489500,729527326,false,HWVa4OzizsLkWo9jxYJRb3vDKqO+KwxhewGVvMV8TYc=
2017,11,1,1828437632,358616542,true,lBIhQEoGQ3rGL8NmgP89oRXVbKZ7qJOVbroVBbzVlVI=
2017,11,1,1244569917,1032208945,false,471BIegk1pJefkNzMFaHh+La2gNF3BPHoKxIBcz6RAw=
2017,11,1,47272019,269781996,true,5zGnG61ufXSzhlyiUItwWjJ/6WUpo53iMhoAsa7qDsk=
2017,11,1,1485206231,2112660199,true,ntT5wGyU08a1IAcJNiIR793+QPYI3yXPpe7rdukSJbM=
2017,11,1,1293235573,1180352643,true,V2fS5a+woEnH1kuYVb2zfv9Spysuo2Sl6ZlPEza2Krs=
2017,11,1,761860918,1688881464,true,T132pxSJ+zO9OvPBeEVRy8lwBXtsG1cidpuQXgAFNSQ=
2017,11,1,1242515343,498073516,false,iTUetfUI+01ipIMzIYpw1PxsdZf42n5aFK36QmlAXJo=
2017,11,1,1875606726,1742150584,true,cLeHorIxQAMRCix1j2uoPl9WfUhw2/5rUXd4V90jruE=
2017,11,1,1590372820,656475201,true,UoPluehn9WCPtKD6dGDnuOaS3IWsrNb5374wHMap38M=
2017,11,1,1648568538,1892049854,false,cp9JVcaY81crLm+qMGiPk7gIYJ99Ot/fvYZyLV0w0K8=
2017,11,1,637255231,2115133108,false,tEy200QPtyv1IuQWjWdfxAuB7jLU+dlTMdCFfx8J5HU=
2017,11,1,124579780,1076020578,true,0EnU2ZO+kBomcPcRzBiu+g3sT0PRx52flTv9NRBikW8=
2017,11,1,404197532,1247564446,false,B5iSxap6YorIJIEdPtWo7d+bBoYODy4B0Kgw1bXSmoU=
2017,11,1,334719680,1380867534,false,1WVmloyz56g7rsXu97JbVlqqIb2cZnKIoDJZrDax0IE=
2017,11,1,1307703160,2137792077,true,+sakCQSs9cKaQsE0GpfcjbMWVAMqYEEmFKyHMGPEp5A=
2017,11,1,1406781631,1482077174,false,Ix9lfThB4p8gWvLl+tCy0pVoc4kZl9sV7chYBIn1fes=
2017,11,1,1289276177,1391274344,false,1Gk4kEauhNI9xfquTmi6H5t3VuLr7rs043HGIK8YAx8=
2017,11,1,1179939427,1951950973,true,z8O7rcM+gO0pKqQUCPSR60WBKorDEhva6WEooi2fsoQ=
2017,11,1,1742371837,1766622213,true,f6sa8fsRnuIgDOI6dBEFOO1kBjrcUqVaVJhCGJjYPuo=
2017,11,1,2094996638,139522751,false,SDknBT7PLb22CkRC4/6zU1Rbdka05PPKAg3RwofWb7I=
2017,11,1,691734010,2070974922,false,x0UzGBAZQN8YlD3h71D28YXmyOqmv5Gv56xdh4ra38w=
2017,11,1,1195660939,890961669,false,BlqC3oZ6OHNH+FwXH/Q7pR9t9078+6R8CUfoZa1whik=
2017,11,1,2119149508,436290364,true,5vcIE9xFKcoqvYDgvYeGZdlG3+Hs2UMF0/WFGCl3oy4=
2017,11,1,1529918181,1999390677,false,86TfP5jBAp8VaJ8ja2HP9foZwYkmGhKXy500GCpaQ/E=
2017,11,1,793048558,1321864776,true,5gN6y5hCgZN1JA9Qjn9YC8SBYtZm7/T6/HhmP8NPEBY=
2017,11,1,1079788046,1800027703,true,yKl/8mym32N1aAYW6L+XbvN/dsLaFnHcrJsB4VqZ/sk=
2017,11,1,887587692,440829932,false,6HHnbFQtWn0+iQizeX6gZEWRIxcdZErWKVsY0tNUrRA=
2017,11,1,1897127706,620002460,true,ZdugRrf3EQT/NLYwL/mE+H5si9MKHyrNrGldFJ/EQ/M=
2017,11,1,2011348992,270764587,false,dgUj1wJdMol2Pc1idqwsuhp8baXCwCIaZCuGgpSWUVU=
2017,11,1,2032858075,583380393,true,SD3PpLDA5HJ4SAnh0f+jAsSZp0mko3h5xJjQi4mZBtw=
2017,11,1,2086522464,1773898544,true,Hjl9k/BRQilV2+lI7xj2So0FoX3DLqiU3/KLWqdB/ds=
2017,11,1,1047241500,1901878348,true,TNMblWSc5tzwHSCaZTPe9ZEwC/jlBPmAI6I8L7f6V00=
2017,11,1,901203013,1870270434,true,aaZeKbOYooa3P9yCv57KhZOOZnTiDNMwyoE19uHSywA=
2017,11,1,2093582900,2003449768,false,Y8OPjWtRADEa30TlcQ+3dN6Bdc6GbKdVXOEunZ3pfq0=
2017,11,1,2143605528,1599728936,false,DmoaVBdVdFTK6q9Ku2GfkhbrtMmgOmW73TMUTuI7HWY=
2017,11,1,60837128,1563024324,false,XfhoHxjqBttbRt9/SChKKrIvZ2YBStkadUodu5qH8uU=
2017,11,1,401104222,1337133363,false,7a7ZqpFSCM4KVh4yNoa5xQDhCmzTh2XUVf43y214cYU=
2017,11,1,429404356,1581814013,false,KrbdtUucHACSu84tgtwYT+H8eXuDv2QTDEGpbhmntZo=
2017,11,1,1416466788,330738979,false,7ukyT2jQqlG07DZ4HT88XZjd7Sz/1Yowb3Eem6Zv+/0=
2017,11,1,1526964045,39941282,false,i6ImKbDONQ47yE13SaSpyLngWGJJ6OksYmyLcVsxQRg=
2017,11,1,670524891,1374798540,false,eF7BzFS364eDorb3wJsMHyx3boiT/TDHbE8lWhTsPgY=
2017,11,1,215433235,1690481246,true,JlYCnwbVllQ10SBylk9Lskw1cCjt9pmIS3oi6fh9IP0=
2017,11,1,1832272140,378653247,true,wAyZwVR/D6E90iMd6bImzjEO55AwzP2BRdemgjuPElA=
2017,11,1,1162795653,1943200774,true,gLauaAc2XPd5P1FJL3AQOiLWKdnx4Jits8Un9YBKJZA=
2017,11,1,496566489,2118807882,true,m7yKj+ix+uprmEsGqSaHj2lJ0pOxoYMpPU+uI6vM8KA=
2017,11,1,1461236044,1786182872,true,mPEuNljXrFuMq2KeBooCKg5FjSq9ph1F93nMjHezb5c=
2017,11,1,483140272,311414587,true,nY3z/yv/xLnotpIUYH8rCRp8baXCwCIaZCuGgpSWUVU=
2017,11,1,1006573844,1483264399,true,KSAygnEMr015BjlVql/unqOm+ne+cntP+V8Irh8RSVM=
2017,11,1,1241871812,1065949858,true,k3FP+eMKkqQKOOO6/cBEd4DUH9zuIdZpcE47t/9776k=
2017,11,1,1204399473,555254260,false,V73gqqQJdbCC1DDb7+75raIaMAzKIKn4wVtuK8rIKFc=
2017,11,1,59989489,1746755283,false,IRlB2SWJEen2KLL1pB7pZI5OfP0ijxP6TeNC9J5zJ7M=
2017,11,1,233423076,1104399946,true,jm0nSW0dK/LOhZseuvJb7VuGx+iIup1Y4AEJppwnjVA=
2017,11,1,947184162,825676861,true,9IO4BerQ+UW37NFJqCbLLYAZxvBZdlPTAs8VJV/GBHQ=
2017,11,1,45037233,2130884008,false,IKST9QvSBnpHLa40O10B62Lx7Xtk84brlPQ6jvOleBM=
2017,11,1,759379251,1473393781,true,T8oDMWoVuxVWO7d1XRLydQntNkpRNaUdoe8dsu55tF4=
2017,11,1,1590991383,735867476,true,Dms7wCEH7UHN7vHWkIyndHtvFW+iBrHTRbqRYOh0khQ=
2017,11,1,495431222,849061250,false,kdz9HcllC5rs8e41UMLqmyv3YKbYvyFcVnUmIMRKTBU=
2017,11,1,1092955606,2098967540,true,/jSJ7EkVoc1c03aBCHqAgKdW9bKvyQroTpUHsy1HPig=
2017,11,1,550384972,1761456666,true,hbDxJNibm+0EjzzQXA2koPe9EqoUi5x2rw+5+hcnsGc=
2017,11,1,671941025,976783031,false,rYoKIAo8ZVUgXh2wI0nk8t9fW+5KDXEn38W0oNxfVdg=
2017,11,1,1420929028,1044912093,false,gH2/OhC2McHKLrZkeobOvY3ro1yYMd3W8SGNiJpMiWM=
2017,11,1,1347743864,1294455720,true,80aTndiYnm5Lbs8Ff6qa0vy9od6+ZpKP9/5AsYfIg/w=
2017,11,1,264648029,137759633,false,htzZkPM7dPfKd93pw+lrKBkD+OfI+UBwDdQsHz1XWLI=
2017,11,1,821864040,253087063,false,btBgIPhGrUPIsyCel3gq9D8292hx5vy7g1Oy8QKwwZM=
2017,11,1,925006171,302661888,false,94PBjhSzefjoX6GGhLslkmd51PgPaD4W8ZmtZEIaAOc=
2017,11,1,699041257,486746630,true,VIXuCtJ73C9bQ+D6Uf6KcMbaJiil1mcBnSh5AAEh3Z4=
2017,11,1,806802626,493272835,true,udbSe3kU2xqHwmj9fSkIj8M5nHBMjarx8rNPu0oyAVg=
2017,11,1,1755364100,300207076,false,8kGWDkwf8xKBpABWJRPM+1z3VvGaSzYmVIGQe9uGBIs=
2017,11,1,210002796,858247135,false,TYmX2cpbWCiS/T4J0YK8yNfzWSV+b8PRZ52+py6+8rg=
2017,11,1,455651936,1828155884,false,PTyLhSYZMDk9HbRBBHnjVtJFhkPMdEr4r1PvMqetXmE=
2017,11,1,2090932962,1351187789,false,xwRF8hmCxZM+UsQjoPZg6QvX5kBw1xj4nknVKaOZWJs=
2017,11,1,310937532,920295710,true,lgZmol9KblUcPZVvXHNxX6oNywaBaWDmZMVh2IkItKM=
2017,11,1,1446859902,1068552287,false,xY5Oh6lBeKqiOZtZG36IsYZB5WkEWe2G475tAqFVPg4=
2017,11,1,226765128,416854754,true,e+LOaH+7oiAkFBV88hQcG1YUnaJviu0iRMrRtcDFpV8=
2017,11,1,1842982763,1917169463,false,OfKHwhALnPbc4IK/qEwda3+nHifcQ0X1r6RqNrxyz5E=
2017,11,1,1477022524,346493130,true,P/yyplsC4M2bNtmK0limBUbKaTOX4f8igNBR/5GJfGU=
2017,11,1,112858502,1122669471,true,A7NfXd4aWlesUyrtzdVR+QSx1oTf5DnYxlF6YhZwOsI=
2017,11,1,172942441,1238382822,true,Q90PhDdv/dhizzJ52/vTbkaTHxYzm1WVlfN+5IAX+rg=
2017,11,1,1378466485,1675212275,true,Yt5sLmZdY2uogA0jGjbC5kznjY/I55Yc0fzVUUMe/Ys=
2017,11,1,672012152,426795206,false,Z4/GTlYJjFbtuZGNZAifd89ZfrcuZTzaBJ8xbmhEawE=
2017,11,1,1293818436,1987240862,true,JQ76E9qfDB7De6Y5G5JTX85jKEFBJRrX+RCmV58dONU=
2017,11,1,1885919077,2060500083,true,ey3v/QjPg/2OVHgWJbgZNfCDKfX6psm3Fb/7iB1RJTI=
2017,11,1,1758888077,977601241,false,xmYQg48Q5IraqsNITrae4Y9fH8GSNbp/jOhACesZ00M=
2017,11,1,1909841558,1022240327,false,cQTqQxImfb7l65lt8dUPy6CSYOFaz5b8XANpDVmQHKo=
2017,11,1,2008235442,1882671456,false,ki1r/hIcbXqGmc/MZ72XYU9MihQuIzQsDt+n5RgpCDg=
2017,11,1,1573029659,1432842157,true,DM7WpVSV9djEB/Kcp+GkUIWyt+q/t+JDV23079FE70w=
2017,11,1,997520710,2109694562,true,S3hgERAnuJ1hpTx+kVPwPGHkW/rxfBaT1z+PObM6R14=
2017,11,1,763332854,788685313,true,zcPx3QVOphcfZ7X/Me7Kdb+0JjYKsyZVNXE3vzTPvPs=
2017,11,1,1653292673,262584784,false,32ZY8+OxP9OGvmpvkheK2kmRYXDhhzjXYJwHueXmVR0=
2017,11,1,1262549799,630090658,true,EAs5JxRC9hRSQCghyHVQb2CpzblJg4AnGQ8f4c2JOIs=
2017,11,1,2010815084,1013246366,false,AClRqiz8xXZvGPkfVq+zwpkS6QEStqfDNHwhrWECJFw=
